image_id,path,class,width,height,channels,average_R,average_G,average_B
val_normal_ (1).jpg,0_normal\val_normal_ (1).jpg,0_normal,720,576,3,115.77940055941357,76.77505063657408,58.830497685185186
val_normal_ (10).jpg,0_normal\val_normal_ (10).jpg,0_normal,720,576,3,96.57822386188272,70.5980396412037,51.9735652970679
val_normal_ (100).jpg,0_normal\val_normal_ (100).jpg,0_normal,720,576,3,110.26780237268518,80.2916690779321,60.47737027391975
val_normal_ (101).jpg,0_normal\val_normal_ (101).jpg,0_normal,720,576,3,118.64585503472222,84.92271894290124,63.883415316358025
val_normal_ (102).jpg,0_normal\val_normal_ (102).jpg,0_normal,720,576,3,125.95588107638889,78.6039882330247,60.851868730709874
val_normal_ (103).jpg,0_normal\val_normal_ (103).jpg,0_normal,720,576,3,101.07380401234568,72.15457658179012,54.770563271604935
val_normal_ (104).jpg,0_normal\val_normal_ (104).jpg,0_normal,720,576,3,130.3561366705247,83.09409239969136,62.36391782407407
val_normal_ (105).jpg,0_normal\val_normal_ (105).jpg,0_normal,720,576,3,130.50122251157407,83.2521484375,62.47647810570987
val_normal_ (106).jpg,0_normal\val_normal_ (106).jpg,0_normal,720,576,3,85.51702835648148,67.02547260802469,50.36908757716049
val_normal_ (107).jpg,0_normal\val_normal_ (107).jpg,0_normal,720,576,3,99.23722270447531,68.37246334876544,52.34631076388889
val_normal_ (108).jpg,0_normal\val_normal_ (108).jpg,0_normal,720,576,3,105.65782455632716,71.95012297453704,57.84601658950617
val_normal_ (109).jpg,0_normal\val_normal_ (109).jpg,0_normal,720,576,3,101.3343219521605,71.56173321759259,54.75574604552469
val_normal_ (11).jpg,0_normal\val_normal_ (11).jpg,0_normal,720,576,3,122.96769386574074,80.20816454475309,61.384919945987654
val_normal_ (110).jpg,0_normal\val_normal_ (110).jpg,0_normal,720,576,3,115.57224392361111,84.3960262345679,63.62203414351852
val_normal_ (111).jpg,0_normal\val_normal_ (111).jpg,0_normal,720,576,3,104.61583960262345,71.66377555941358,55.88741319444444
val_normal_ (112).jpg,0_normal\val_normal_ (112).jpg,0_normal,720,576,3,133.0160373263889,83.70459346064816,63.97047405478395
val_normal_ (113).jpg,0_normal\val_normal_ (113).jpg,0_normal,720,576,3,92.11917438271605,62.340907118055554,48.748191550925924
val_normal_ (114).jpg,0_normal\val_normal_ (114).jpg,0_normal,720,576,3,124.62765721450617,81.18309702932099,61.933506944444446
val_normal_ (115).jpg,0_normal\val_normal_ (115).jpg,0_normal,720,576,3,80.47264660493828,54.03376253858025,42.597788869598766
val_normal_ (116).jpg,0_normal\val_normal_ (116).jpg,0_normal,720,576,3,125.22104552469136,78.14369454089505,60.32054398148148
val_normal_ (117).jpg,0_normal\val_normal_ (117).jpg,0_normal,720,576,3,118.50180844907408,79.17507233796296,59.99032600308642
val_normal_ (118).jpg,0_normal\val_normal_ (118).jpg,0_normal,720,576,3,130.0348403742284,83.35439332561728,62.7064525462963
val_normal_ (119).jpg,0_normal\val_normal_ (119).jpg,0_normal,720,576,3,122.63721788194445,76.57552083333333,58.3210262345679
val_normal_ (12).jpg,0_normal\val_normal_ (12).jpg,0_normal,720,576,3,113.46648341049382,76.10417390046297,58.28478009259259
val_normal_ (120).jpg,0_normal\val_normal_ (120).jpg,0_normal,720,576,3,126.00052806712964,82.13199508101852,62.13668258101852
val_normal_ (121).jpg,0_normal\val_normal_ (121).jpg,0_normal,720,576,3,96.11727671682098,69.62049816743827,52.0271484375
val_normal_ (122).jpg,0_normal\val_normal_ (122).jpg,0_normal,720,576,3,129.11539592978394,82.45671778549382,62.987647087191355
val_normal_ (123).jpg,0_normal\val_normal_ (123).jpg,0_normal,720,576,3,107.67515673225309,78.21514998070988,58.67688319830247
val_normal_ (124).jpg,0_normal\val_normal_ (124).jpg,0_normal,720,576,3,78.32967062114197,52.21347897376543,40.874819155092595
val_normal_ (125).jpg,0_normal\val_normal_ (125).jpg,0_normal,720,576,3,107.07008584104938,73.71770833333333,58.14962143132716
val_normal_ (126).jpg,0_normal\val_normal_ (126).jpg,0_normal,720,576,3,91.64522569444445,66.8167365933642,51.22475887345679
val_normal_ (127).jpg,0_normal\val_normal_ (127).jpg,0_normal,720,576,3,121.93550588348765,80.07032937885802,61.26646412037037
val_normal_ (128).jpg,0_normal\val_normal_ (128).jpg,0_normal,720,576,3,116.53002989969136,77.58536844135803,59.30274643132716
val_normal_ (129).jpg,0_normal\val_normal_ (129).jpg,0_normal,720,576,3,106.5507137345679,74.09538242669753,56.91745273919753
val_normal_ (13).jpg,0_normal\val_normal_ (13).jpg,0_normal,720,576,3,114.35827305169754,76.27972608024692,58.211328125
val_normal_ (130).jpg,0_normal\val_normal_ (130).jpg,0_normal,720,576,3,67.12107204861111,66.42533275462964,56.54822048611111
val_normal_ (131).jpg,0_normal\val_normal_ (131).jpg,0_normal,720,576,3,89.00991753472222,58.146445794753085,45.79956838348765
val_normal_ (132).jpg,0_normal\val_normal_ (132).jpg,0_normal,720,576,3,108.22831066743827,68.60783902391975,54.146120273919756
val_normal_ (133).jpg,0_normal\val_normal_ (133).jpg,0_normal,720,576,3,124.23163580246914,75.99386091820988,58.059975405092594
val_normal_ (134).jpg,0_normal\val_normal_ (134).jpg,0_normal,720,576,3,123.55667920524691,75.63747106481482,57.49563319830247
val_normal_ (135).jpg,0_normal\val_normal_ (135).jpg,0_normal,720,576,3,109.37433449074074,76.45016155478395,59.10201099537037
val_normal_ (136).jpg,0_normal\val_normal_ (136).jpg,0_normal,720,576,3,124.32557629243827,81.08408323688272,61.94917293595679
val_normal_ (137).jpg,0_normal\val_normal_ (137).jpg,0_normal,720,576,3,127.14778645833333,78.66455680941358,59.960124903549385
val_normal_ (138).jpg,0_normal\val_normal_ (138).jpg,0_normal,720,576,3,121.5813777970679,86.07606336805556,64.76045283564815
val_normal_ (139).jpg,0_normal\val_normal_ (139).jpg,0_normal,720,576,3,117.35026765046297,81.06066743827161,60.830702642746914
val_normal_ (14).jpg,0_normal\val_normal_ (14).jpg,0_normal,720,576,3,110.17875916280865,76.9364631558642,59.10441020447531
val_normal_ (140).jpg,0_normal\val_normal_ (140).jpg,0_normal,720,576,3,113.11795910493827,76.97360628858024,58.531847993827164
val_normal_ (141).jpg,0_normal\val_normal_ (141).jpg,0_normal,720,576,3,126.04395013503087,77.76822193287038,59.34624324845679
val_normal_ (142).jpg,0_normal\val_normal_ (142).jpg,0_normal,720,576,3,115.24923804012346,74.43323929398149,57.11902006172839
val_normal_ (143).jpg,0_normal\val_normal_ (143).jpg,0_normal,720,576,3,77.65971498842593,51.85019048996914,37.77104793595679
val_normal_ (144).jpg,0_normal\val_normal_ (144).jpg,0_normal,720,576,3,118.39704619984568,83.33130304783951,62.396559124228396
val_normal_ (145).jpg,0_normal\val_normal_ (145).jpg,0_normal,720,576,3,115.08915895061729,74.55307677469136,57.156382619598766
val_normal_ (146).jpg,0_normal\val_normal_ (146).jpg,0_normal,720,576,3,131.2440658757716,84.05180844907407,64.14235869984567
val_normal_ (147).jpg,0_normal\val_normal_ (147).jpg,0_normal,720,576,3,113.0404224537037,79.87379677854938,60.616459297839505
val_normal_ (148).jpg,0_normal\val_normal_ (148).jpg,0_normal,720,576,3,120.82506269290124,75.84575858410494,57.69365837191358
val_normal_ (149).jpg,0_normal\val_normal_ (149).jpg,0_normal,720,576,3,120.49467110339506,79.1527271412037,60.78164303626543
val_normal_ (15).jpg,0_normal\val_normal_ (15).jpg,0_normal,720,576,3,114.55123697916666,79.17144338348766,60.28358410493827
val_normal_ (150).jpg,0_normal\val_normal_ (150).jpg,0_normal,720,576,3,108.08888647762346,80.18104263117284,60.49068769290123
val_normal_ (16).jpg,0_normal\val_normal_ (16).jpg,0_normal,720,576,3,87.90947627314814,58.66410349151234,46.808649209104935
val_normal_ (17).jpg,0_normal\val_normal_ (17).jpg,0_normal,720,576,3,98.94382957175925,62.714443479938275,49.1177734375
val_normal_ (18).jpg,0_normal\val_normal_ (18).jpg,0_normal,720,576,3,126.10841049382717,77.69342447916667,59.14051649305556
val_normal_ (19).jpg,0_normal\val_normal_ (19).jpg,0_normal,720,576,3,105.61488474151234,66.69080102237655,51.27586082175926
val_normal_ (2).jpg,0_normal\val_normal_ (2).jpg,0_normal,720,576,3,116.76247588734567,77.86916232638889,62.58104021990741
val_normal_ (20).jpg,0_normal\val_normal_ (20).jpg,0_normal,720,576,3,129.78518277391976,83.2622227044753,62.691820987654324
val_normal_ (21).jpg,0_normal\val_normal_ (21).jpg,0_normal,720,576,3,115.4260440779321,75.72821903935186,59.6930965470679
val_normal_ (22).jpg,0_normal\val_normal_ (22).jpg,0_normal,720,576,3,128.3031105324074,83.77352189429013,63.685669849537035
val_normal_ (23).jpg,0_normal\val_normal_ (23).jpg,0_normal,720,576,3,114.57642988040124,79.30812355324075,60.71488956404321
val_normal_ (24).jpg,0_normal\val_normal_ (24).jpg,0_normal,720,576,3,100.09094328703704,74.42916425540123,56.08230613425926
val_normal_ (25).jpg,0_normal\val_normal_ (25).jpg,0_normal,720,576,3,102.85064380787037,77.26548514660495,58.450730613425925
val_normal_ (26).jpg,0_normal\val_normal_ (26).jpg,0_normal,720,576,3,110.4012249228395,76.0080005787037,58.07384741512346
val_normal_ (27).jpg,0_normal\val_normal_ (27).jpg,0_normal,720,576,3,111.89027536651234,77.56434220679013,59.44194637345679
val_normal_ (28).jpg,0_normal\val_normal_ (28).jpg,0_normal,720,576,3,105.136026716821,76.67874469521605,59.115159625771604
val_normal_ (29).jpg,0_normal\val_normal_ (29).jpg,0_normal,720,576,3,104.61426745756172,73.6057918595679,56.49371141975308
val_normal_ (3).jpg,0_normal\val_normal_ (3).jpg,0_normal,720,576,3,79.61451340663581,53.249397183641975,41.83400125385803
val_normal_ (30).jpg,0_normal\val_normal_ (30).jpg,0_normal,720,576,3,114.22089602623457,80.28415798611111,59.99494598765432
val_normal_ (31).jpg,0_normal\val_normal_ (31).jpg,0_normal,720,576,3,94.06735628858024,63.81945650077161,50.04475308641975
val_normal_ (32).jpg,0_normal\val_normal_ (32).jpg,0_normal,720,576,3,105.68743007330247,72.98522617669754,57.60659722222222
val_normal_ (33).jpg,0_normal\val_normal_ (33).jpg,0_normal,720,576,3,111.7248866705247,78.95018325617283,59.11308834876543
val_normal_ (34).jpg,0_normal\val_normal_ (34).jpg,0_normal,720,576,3,102.80434510030864,72.31258921682098,54.82962480709877
val_normal_ (35).jpg,0_normal\val_normal_ (35).jpg,0_normal,720,576,3,113.8841121720679,74.83375048225308,57.35013744212963
val_normal_ (36).jpg,0_normal\val_normal_ (36).jpg,0_normal,720,576,3,96.31481481481481,65.74807098765432,51.910816936728395
val_normal_ (37).jpg,0_normal\val_normal_ (37).jpg,0_normal,720,576,3,118.40743875385803,83.08681037808643,62.37056086033951
val_normal_ (38).jpg,0_normal\val_normal_ (38).jpg,0_normal,720,576,3,99.4073543595679,73.98448591820987,55.85816454475309
val_normal_ (39).jpg,0_normal\val_normal_ (39).jpg,0_normal,720,576,3,102.7121166087963,76.24099874614197,63.072755111882714
val_normal_ (4).jpg,0_normal\val_normal_ (4).jpg,0_normal,720,576,3,117.59014515817901,77.93072675540124,59.40039544753086
val_normal_ (40).jpg,0_normal\val_normal_ (40).jpg,0_normal,720,576,3,119.91311246141976,76.18657889660494,59.23922164351852
val_normal_ (41).jpg,0_normal\val_normal_ (41).jpg,0_normal,720,576,3,112.67523871527777,73.88890576774692,58.553959297839505
val_normal_ (42).jpg,0_normal\val_normal_ (42).jpg,0_normal,720,576,3,102.94862316743827,72.03448350694444,54.86061197916667
val_normal_ (43).jpg,0_normal\val_normal_ (43).jpg,0_normal,720,576,3,104.17567515432098,71.48015528549382,55.5775462962963
val_normal_ (44).jpg,0_normal\val_normal_ (44).jpg,0_normal,720,576,3,113.24703655478395,74.46857156635802,58.539226466049385
val_normal_ (45).jpg,0_normal\val_normal_ (45).jpg,0_normal,720,576,3,126.01978202160494,82.17058497299382,62.41118586033951
val_normal_ (46).jpg,0_normal\val_normal_ (46).jpg,0_normal,720,576,3,108.06722366898148,71.67640576774691,54.954694733796295
val_normal_ (47).jpg,0_normal\val_normal_ (47).jpg,0_normal,720,576,3,122.32708333333333,79.14219955632716,60.867566068672836
val_normal_ (48).jpg,0_normal\val_normal_ (48).jpg,0_normal,720,576,3,111.11544415509259,75.67711950231481,57.81589023919753
val_normal_ (49).jpg,0_normal\val_normal_ (49).jpg,0_normal,720,576,3,124.92978395061728,82.51000434027777,63.57627555941358
val_normal_ (5).jpg,0_normal\val_normal_ (5).jpg,0_normal,720,576,3,118.52650704089505,82.0141902970679,61.50199893904321
val_normal_ (50).jpg,0_normal\val_normal_ (50).jpg,0_normal,720,576,3,115.09033564814816,83.31329089506173,62.25029658564815
val_normal_ (51).jpg,0_normal\val_normal_ (51).jpg,0_normal,720,576,3,107.12208719135802,76.0637466242284,58.108625096450616
val_normal_ (52).jpg,0_normal\val_normal_ (52).jpg,0_normal,720,576,3,110.89664592978394,70.73720582561728,53.87489631558642
val_normal_ (53).jpg,0_normal\val_normal_ (53).jpg,0_normal,720,576,3,79.25384355709876,52.98761332947531,41.756980613425924
val_normal_ (54).jpg,0_normal\val_normal_ (54).jpg,0_normal,720,576,3,118.09788532021605,76.17032937885803,60.007527970679014
val_normal_ (55).jpg,0_normal\val_normal_ (55).jpg,0_normal,720,576,3,129.28817997685186,79.15016155478395,60.376798804012346
val_normal_ (56).jpg,0_normal\val_normal_ (56).jpg,0_normal,720,576,3,121.0983169367284,80.3680965470679,60.96195023148148
val_normal_ (57).jpg,0_normal\val_normal_ (57).jpg,0_normal,720,576,3,100.17772472993828,70.47331452546297,53.11024787808642
val_normal_ (58).jpg,0_normal\val_normal_ (58).jpg,0_normal,720,576,3,120.53583622685186,77.99285059799382,60.25558449074074
val_normal_ (59).jpg,0_normal\val_normal_ (59).jpg,0_normal,720,576,3,121.44704378858025,79.58345389660494,60.696375868055554
val_normal_ (6).jpg,0_normal\val_normal_ (6).jpg,0_normal,720,576,3,128.33853202160495,82.22867717978394,62.1486328125
val_normal_ (60).jpg,0_normal\val_normal_ (60).jpg,0_normal,720,576,3,110.83889853395061,76.33609664351852,58.51820023148148
val_normal_ (61).jpg,0_normal\val_normal_ (61).jpg,0_normal,720,576,3,100.2372371720679,74.98550106095679,56.30516734182099
val_normal_ (62).jpg,0_normal\val_normal_ (62).jpg,0_normal,720,576,3,96.6235652970679,64.50996576003087,50.91249517746913
val_normal_ (63).jpg,0_normal\val_normal_ (63).jpg,0_normal,720,576,3,112.51338252314815,73.12176408179012,57.22065731095679
val_normal_ (64).jpg,0_normal\val_normal_ (64).jpg,0_normal,720,576,3,103.30988859953703,65.76456404320987,51.956684027777776
val_normal_ (65).jpg,0_normal\val_normal_ (65).jpg,0_normal,720,576,3,80.49975887345678,53.974445408950615,42.402785011574075
val_normal_ (66).jpg,0_normal\val_normal_ (66).jpg,0_normal,720,576,3,98.5678554205247,73.70995129243828,55.829443962191355
val_normal_ (67).jpg,0_normal\val_normal_ (67).jpg,0_normal,720,576,3,121.1955005787037,78.29723910108025,60.457243441358024
val_normal_ (68).jpg,0_normal\val_normal_ (68).jpg,0_normal,720,576,3,101.72177854938272,66.19827353395061,52.69727527006173
val_normal_ (69).jpg,0_normal\val_normal_ (69).jpg,0_normal,720,576,3,117.40979697145062,82.51863667052469,61.841230227623456
val_normal_ (7).jpg,0_normal\val_normal_ (7).jpg,0_normal,720,576,3,119.19033082561728,77.81207561728395,61.17819010416667
val_normal_ (70).jpg,0_normal\val_normal_ (70).jpg,0_normal,720,576,3,90.7202377507716,66.16962770061728,50.634360532407406
val_normal_ (71).jpg,0_normal\val_normal_ (71).jpg,0_normal,720,576,3,100.51571662808642,68.00883246527778,53.67931616512346
val_normal_ (72).jpg,0_normal\val_normal_ (72).jpg,0_normal,720,576,3,96.84345341435186,75.07321807484568,57.03873456790124
val_normal_ (73).jpg,0_normal\val_normal_ (73).jpg,0_normal,720,576,3,97.85863956404322,65.91757330246914,51.86926601080247
val_normal_ (74).jpg,0_normal\val_normal_ (74).jpg,0_normal,720,576,3,117.55822000385803,81.37156153549383,61.26754436728395
val_normal_ (75).jpg,0_normal\val_normal_ (75).jpg,0_normal,720,576,3,114.97551118827161,81.63336467978395,61.06670765817901
val_normal_ (76).jpg,0_normal\val_normal_ (76).jpg,0_normal,720,576,3,114.87451292438271,79.34990837191359,60.525393036265434
val_normal_ (77).jpg,0_normal\val_normal_ (77).jpg,0_normal,720,576,3,109.0937958140432,73.93246045524691,56.51661844135803
val_normal_ (78).jpg,0_normal\val_normal_ (78).jpg,0_normal,720,576,3,129.25426552854938,82.8549647955247,62.1710334683642
val_normal_ (79).jpg,0_normal\val_normal_ (79).jpg,0_normal,720,576,3,115.15840084876544,76.18532986111111,58.516608796296296
val_normal_ (8).jpg,0_normal\val_normal_ (8).jpg,0_normal,720,576,3,95.81358265817902,65.11574797453704,51.259208622685186
val_normal_ (80).jpg,0_normal\val_normal_ (80).jpg,0_normal,720,576,3,97.89735243055556,62.609932002314814,49.45592930169753
val_normal_ (81).jpg,0_normal\val_normal_ (81).jpg,0_normal,720,576,3,113.86232397762346,75.54198736496913,59.98992091049383
val_normal_ (82).jpg,0_normal\val_normal_ (82).jpg,0_normal,720,576,3,115.01439525462963,73.59433834876543,56.854677854938274
val_normal_ (83).jpg,0_normal\val_normal_ (83).jpg,0_normal,720,576,3,118.3653766396605,73.17352671682099,55.478450520833334
val_normal_ (84).jpg,0_normal\val_normal_ (84).jpg,0_normal,720,576,3,121.17868923611111,79.2758632330247,60.0808666087963
val_normal_ (85).jpg,0_normal\val_normal_ (85).jpg,0_normal,720,576,3,116.74179928626543,77.42392457561728,59.2050106095679
val_normal_ (86).jpg,0_normal\val_normal_ (86).jpg,0_normal,720,576,3,127.7614028742284,77.63493682484568,59.097309027777776
val_normal_ (87).jpg,0_normal\val_normal_ (87).jpg,0_normal,720,576,3,96.10827787422839,64.69434558256172,50.007187982253086
val_normal_ (88).jpg,0_normal\val_normal_ (88).jpg,0_normal,720,576,3,110.48721064814815,76.87354118441358,55.82426938657407
val_normal_ (89).jpg,0_normal\val_normal_ (89).jpg,0_normal,720,576,3,124.43589650848766,76.69315441743827,58.726282793209876
val_normal_ (9).jpg,0_normal\val_normal_ (9).jpg,0_normal,720,576,3,118.88472945601852,86.90332995756172,65.4317684220679
val_normal_ (90).jpg,0_normal\val_normal_ (90).jpg,0_normal,720,576,3,102.24421296296296,70.11312934027778,53.531664737654324
val_normal_ (91).jpg,0_normal\val_normal_ (91).jpg,0_normal,720,576,3,121.68066165123457,85.93869357638889,64.94065393518518
val_normal_ (92).jpg,0_normal\val_normal_ (92).jpg,0_normal,720,576,3,120.91997974537037,74.98065923996914,57.20846354166667
val_normal_ (93).jpg,0_normal\val_normal_ (93).jpg,0_normal,720,576,3,120.80292004243827,79.89293258101851,60.728513213734566
val_normal_ (94).jpg,0_normal\val_normal_ (94).jpg,0_normal,720,576,3,124.66945167824075,81.36483892746914,62.30999228395062
val_normal_ (95).jpg,0_normal\val_normal_ (95).jpg,0_normal,720,576,3,114.19347752700617,73.87962480709876,56.707414641203705
val_normal_ (96).jpg,0_normal\val_normal_ (96).jpg,0_normal,720,576,3,110.91151379243827,75.94959731867284,60.84523292824074
val_normal_ (97).jpg,0_normal\val_normal_ (97).jpg,0_normal,720,576,3,127.24408275462963,78.8547694830247,60.807834201388886
val_normal_ (98).jpg,0_normal\val_normal_ (98).jpg,0_normal,720,576,3,117.62911361882716,81.03822579089505,60.634601658950615
val_normal_ (99).jpg,0_normal\val_normal_ (99).jpg,0_normal,720,576,3,78.64947916666667,52.910947145061726,41.51467496141975
val_ulcer_ (1).jpg,1_ulcerative_colitis\val_ulcer_ (1).jpg,1_ulcerative_colitis,720,576,3,148.548420621142,49.93360821759259,35.0576847029321
val_ulcer_ (10).jpg,1_ulcerative_colitis\val_ulcer_ (10).jpg,1_ulcerative_colitis,720,576,3,123.20119839891976,85.01540316358025,69.31456163194444
val_ulcer_ (100).jpg,1_ulcerative_colitis\val_ulcer_ (100).jpg,1_ulcerative_colitis,720,576,3,146.70348910108024,88.09654224537037,61.80081741898148
val_ulcer_ (101).jpg,1_ulcerative_colitis\val_ulcer_ (101).jpg,1_ulcerative_colitis,720,576,3,133.61436631944446,77.94523775077161,66.07538821373457
val_ulcer_ (102).jpg,1_ulcerative_colitis\val_ulcer_ (102).jpg,1_ulcerative_colitis,720,576,3,112.4825569058642,81.83422067901235,68.66501012731482
val_ulcer_ (103).jpg,1_ulcerative_colitis\val_ulcer_ (103).jpg,1_ulcerative_colitis,720,576,3,116.81317756558641,84.83194444444445,61.496723090277776
val_ulcer_ (104).jpg,1_ulcerative_colitis\val_ulcer_ (104).jpg,1_ulcerative_colitis,720,576,3,115.38260271990741,59.887483121141976,36.968815104166666
val_ulcer_ (105).jpg,1_ulcerative_colitis\val_ulcer_ (105).jpg,1_ulcerative_colitis,720,576,3,126.93892023533951,71.49750192901234,50.19716435185185
val_ulcer_ (106).jpg,1_ulcerative_colitis\val_ulcer_ (106).jpg,1_ulcerative_colitis,720,576,3,163.67272617669752,80.27279369212962,46.984148341049384
val_ulcer_ (107).jpg,1_ulcerative_colitis\val_ulcer_ (107).jpg,1_ulcerative_colitis,720,576,3,129.80762201003085,76.06073254243827,56.21653645833333
val_ulcer_ (108).jpg,1_ulcerative_colitis\val_ulcer_ (108).jpg,1_ulcerative_colitis,720,576,3,115.58466917438271,54.49145206404321,35.92939091435185
val_ulcer_ (109).jpg,1_ulcerative_colitis\val_ulcer_ (109).jpg,1_ulcerative_colitis,720,576,3,136.02863377700618,76.6669849537037,59.88301986882716
val_ulcer_ (11).jpg,1_ulcerative_colitis\val_ulcer_ (11).jpg,1_ulcerative_colitis,720,576,3,119.43199990354938,65.2714385609568,45.18361786265432
val_ulcer_ (110).jpg,1_ulcerative_colitis\val_ulcer_ (110).jpg,1_ulcerative_colitis,720,576,3,110.19308690200617,53.58935185185185,37.209174864969135
val_ulcer_ (111).jpg,1_ulcerative_colitis\val_ulcer_ (111).jpg,1_ulcerative_colitis,720,576,3,168.13394820601852,79.2214988425926,55.36429398148148
val_ulcer_ (112).jpg,1_ulcerative_colitis\val_ulcer_ (112).jpg,1_ulcerative_colitis,720,576,3,136.70374228395062,77.99724874614198,54.36992428626543
val_ulcer_ (113).jpg,1_ulcerative_colitis\val_ulcer_ (113).jpg,1_ulcerative_colitis,720,576,3,101.55746286651235,59.34769241898148,47.6415340470679
val_ulcer_ (114).jpg,1_ulcerative_colitis\val_ulcer_ (114).jpg,1_ulcerative_colitis,720,576,3,95.63196614583333,56.64891251929012,38.32807436342593
val_ulcer_ (115).jpg,1_ulcerative_colitis\val_ulcer_ (115).jpg,1_ulcerative_colitis,720,576,3,78.68797743055555,57.43430025077161,44.54215374228395
val_ulcer_ (116).jpg,1_ulcerative_colitis\val_ulcer_ (116).jpg,1_ulcerative_colitis,720,576,3,128.85430652006173,57.7078727816358,21.65773533950617
val_ulcer_ (117).jpg,1_ulcerative_colitis\val_ulcer_ (117).jpg,1_ulcerative_colitis,720,576,3,145.84639033564815,79.11384307484568,61.6064453125
val_ulcer_ (118).jpg,1_ulcerative_colitis\val_ulcer_ (118).jpg,1_ulcerative_colitis,720,576,3,105.62105516975309,77.31536458333333,47.75777874228395
val_ulcer_ (119).jpg,1_ulcerative_colitis\val_ulcer_ (119).jpg,1_ulcerative_colitis,720,576,3,124.53634259259259,78.81794463734568,60.764928144290124
val_ulcer_ (12).jpg,1_ulcerative_colitis\val_ulcer_ (12).jpg,1_ulcerative_colitis,720,576,3,130.0167365933642,80.1456500771605,54.12973331404321
val_ulcer_ (120).jpg,1_ulcerative_colitis\val_ulcer_ (120).jpg,1_ulcerative_colitis,720,576,3,126.81461467978394,60.171559124228395,32.31951919367284
val_ulcer_ (121).jpg,1_ulcerative_colitis\val_ulcer_ (121).jpg,1_ulcerative_colitis,720,576,3,119.41768904320988,61.74593701774691,48.69344859182099
val_ulcer_ (122).jpg,1_ulcerative_colitis\val_ulcer_ (122).jpg,1_ulcerative_colitis,720,576,3,94.32168692129629,62.43065441743827,45.867983217592595
val_ulcer_ (123).jpg,1_ulcerative_colitis\val_ulcer_ (123).jpg,1_ulcerative_colitis,720,576,3,146.99262635030865,78.434285783179,56.162868923611114
val_ulcer_ (124).jpg,1_ulcerative_colitis\val_ulcer_ (124).jpg,1_ulcerative_colitis,720,576,3,123.65464891975309,70.0401065779321,57.80237750771605
val_ulcer_ (125).jpg,1_ulcerative_colitis\val_ulcer_ (125).jpg,1_ulcerative_colitis,720,576,3,141.99122058256174,86.80641637731482,62.362463831018516
val_ulcer_ (126).jpg,1_ulcerative_colitis\val_ulcer_ (126).jpg,1_ulcerative_colitis,720,576,3,100.68628472222223,50.5655719521605,38.464214409722224
val_ulcer_ (127).jpg,1_ulcerative_colitis\val_ulcer_ (127).jpg,1_ulcerative_colitis,720,576,3,90.05625241126543,43.28391927083333,17.354600694444443
val_ulcer_ (128).jpg,1_ulcerative_colitis\val_ulcer_ (128).jpg,1_ulcerative_colitis,720,576,3,117.62908227237655,60.97277440200617,47.47320842978395
val_ulcer_ (129).jpg,1_ulcerative_colitis\val_ulcer_ (129).jpg,1_ulcerative_colitis,720,576,3,123.19000530478395,76.35258969907407,60.187905092592594
val_ulcer_ (13).jpg,1_ulcerative_colitis\val_ulcer_ (13).jpg,1_ulcerative_colitis,720,576,3,113.02899546682099,43.944996624228395,31.540241608796297
val_ulcer_ (130).jpg,1_ulcerative_colitis\val_ulcer_ (130).jpg,1_ulcerative_colitis,720,576,3,84.53349971064814,59.84545717592592,41.46746238425926
val_ulcer_ (131).jpg,1_ulcerative_colitis\val_ulcer_ (131).jpg,1_ulcerative_colitis,720,576,3,115.04890769675926,59.85697337962963,41.966517168209876
val_ulcer_ (132).jpg,1_ulcerative_colitis\val_ulcer_ (132).jpg,1_ulcerative_colitis,720,576,3,148.35747974537037,53.771706211419755,30.260980902777778
val_ulcer_ (133).jpg,1_ulcerative_colitis\val_ulcer_ (133).jpg,1_ulcerative_colitis,720,576,3,119.69064429012346,76.88679108796296,57.597147472993825
val_ulcer_ (134).jpg,1_ulcerative_colitis\val_ulcer_ (134).jpg,1_ulcerative_colitis,720,576,3,127.54871720679013,73.84854359567902,44.71782648533951
val_ulcer_ (135).jpg,1_ulcerative_colitis\val_ulcer_ (135).jpg,1_ulcerative_colitis,720,576,3,139.81333670910493,73.05575327932098,51.78648967978395
val_ulcer_ (136).jpg,1_ulcerative_colitis\val_ulcer_ (136).jpg,1_ulcerative_colitis,720,576,3,133.28468605324073,38.54575135030864,24.576253858024693
val_ulcer_ (137).jpg,1_ulcerative_colitis\val_ulcer_ (137).jpg,1_ulcerative_colitis,720,576,3,90.73559510030864,59.779993730709876,42.37674575617284
val_ulcer_ (138).jpg,1_ulcerative_colitis\val_ulcer_ (138).jpg,1_ulcerative_colitis,1280,1024,3,180.73145446777343,116.08872528076172,109.85065689086915
val_ulcer_ (139).jpg,1_ulcerative_colitis\val_ulcer_ (139).jpg,1_ulcerative_colitis,720,576,3,98.15396170910493,55.19166666666667,35.1486930941358
val_ulcer_ (14).jpg,1_ulcerative_colitis\val_ulcer_ (14).jpg,1_ulcerative_colitis,720,576,3,131.6322024498457,84.38763261959876,63.182327835648145
val_ulcer_ (140).jpg,1_ulcerative_colitis\val_ulcer_ (140).jpg,1_ulcerative_colitis,720,576,3,130.22028356481482,64.44435281635802,32.86795910493827
val_ulcer_ (141).jpg,1_ulcerative_colitis\val_ulcer_ (141).jpg,1_ulcerative_colitis,720,576,3,135.42790316358025,51.09040316358025,35.74204764660494
val_ulcer_ (142).jpg,1_ulcerative_colitis\val_ulcer_ (142).jpg,1_ulcerative_colitis,720,576,3,106.56732735339506,61.11589988425926,34.62546296296296
val_ulcer_ (143).jpg,1_ulcerative_colitis\val_ulcer_ (143).jpg,1_ulcerative_colitis,720,576,3,120.47775848765433,68.16323543595679,47.17261043595679
val_ulcer_ (144).jpg,1_ulcerative_colitis\val_ulcer_ (144).jpg,1_ulcerative_colitis,720,576,3,135.3252628279321,59.34492910879629,35.87450327932099
val_ulcer_ (145).jpg,1_ulcerative_colitis\val_ulcer_ (145).jpg,1_ulcerative_colitis,720,576,3,139.61642554012346,72.23171296296296,59.580815972222226
val_ulcer_ (146).jpg,1_ulcerative_colitis\val_ulcer_ (146).jpg,1_ulcerative_colitis,720,576,3,143.81252893518518,70.21397569444444,50.044386574074075
val_ulcer_ (147).jpg,1_ulcerative_colitis\val_ulcer_ (147).jpg,1_ulcerative_colitis,720,576,3,117.76444347993827,55.643086902006175,44.844536072530865
val_ulcer_ (148).jpg,1_ulcerative_colitis\val_ulcer_ (148).jpg,1_ulcerative_colitis,720,576,3,106.99211757330247,54.75066550925926,42.465494791666664
val_ulcer_ (149).jpg,1_ulcerative_colitis\val_ulcer_ (149).jpg,1_ulcerative_colitis,720,576,3,103.43663676697531,53.905198688271604,36.355695408950616
val_ulcer_ (15).jpg,1_ulcerative_colitis\val_ulcer_ (15).jpg,1_ulcerative_colitis,720,576,3,139.05688657407407,79.49294945987654,51.07353877314815
val_ulcer_ (150).jpg,1_ulcerative_colitis\val_ulcer_ (150).jpg,1_ulcerative_colitis,720,576,3,127.99915605709876,81.84905719521605,63.66271701388889
val_ulcer_ (16).jpg,1_ulcerative_colitis\val_ulcer_ (16).jpg,1_ulcerative_colitis,720,576,3,160.1367115162037,84.91341869212962,68.37970679012345
val_ulcer_ (17).jpg,1_ulcerative_colitis\val_ulcer_ (17).jpg,1_ulcerative_colitis,720,576,3,134.64230565200617,75.68376736111111,62.09426359953704
val_ulcer_ (18).jpg,1_ulcerative_colitis\val_ulcer_ (18).jpg,1_ulcerative_colitis,720,576,3,125.3112533757716,59.848849826388886,7.04345100308642
val_ulcer_ (19).jpg,1_ulcerative_colitis\val_ulcer_ (19).jpg,1_ulcerative_colitis,720,576,3,134.18263647762345,80.25544463734568,61.39435281635802
val_ulcer_ (2).jpg,1_ulcerative_colitis\val_ulcer_ (2).jpg,1_ulcerative_colitis,720,576,3,108.61182484567901,49.28452932098765,37.36143663194444
val_ulcer_ (20).jpg,1_ulcerative_colitis\val_ulcer_ (20).jpg,1_ulcerative_colitis,720,576,3,87.60232445987654,47.933668499228396,37.89703896604938
val_ulcer_ (21).jpg,1_ulcerative_colitis\val_ulcer_ (21).jpg,1_ulcerative_colitis,720,576,3,150.42480951003085,86.98922646604939,63.82339409722222
val_ulcer_ (22).jpg,1_ulcerative_colitis\val_ulcer_ (22).jpg,1_ulcerative_colitis,720,576,3,124.67289978780865,71.9579402970679,61.63082561728395
val_ulcer_ (23).jpg,1_ulcerative_colitis\val_ulcer_ (23).jpg,1_ulcerative_colitis,720,576,3,136.73614486882715,80.76069396219135,53.33883101851852
val_ulcer_ (24).jpg,1_ulcerative_colitis\val_ulcer_ (24).jpg,1_ulcerative_colitis,720,576,3,124.14504484953704,67.11453028549383,43.58509837962963
val_ulcer_ (25).jpg,1_ulcerative_colitis\val_ulcer_ (25).jpg,1_ulcerative_colitis,720,576,3,140.52028597608026,87.12252604166666,67.10143952546296
val_ulcer_ (26).jpg,1_ulcerative_colitis\val_ulcer_ (26).jpg,1_ulcerative_colitis,720,576,3,152.91176697530864,94.8467472029321,66.53284143518519
val_ulcer_ (27).jpg,1_ulcerative_colitis\val_ulcer_ (27).jpg,1_ulcerative_colitis,720,576,3,149.4102768132716,79.56412037037038,53.400258005401234
val_ulcer_ (28).jpg,1_ulcerative_colitis\val_ulcer_ (28).jpg,1_ulcerative_colitis,720,576,3,115.04972270447531,59.97353153935185,38.60887345679012
val_ulcer_ (29).jpg,1_ulcerative_colitis\val_ulcer_ (29).jpg,1_ulcerative_colitis,720,576,3,119.2731674382716,70.66033227237655,45.49817708333333
val_ulcer_ (3).jpg,1_ulcerative_colitis\val_ulcer_ (3).jpg,1_ulcerative_colitis,720,576,3,130.59895109953703,79.7242934992284,61.009350887345676
val_ulcer_ (30).jpg,1_ulcerative_colitis\val_ulcer_ (30).jpg,1_ulcerative_colitis,720,576,3,105.96063126929012,48.75988618827161,37.78128375771605
val_ulcer_ (31).jpg,1_ulcerative_colitis\val_ulcer_ (31).jpg,1_ulcerative_colitis,720,576,3,155.28152488425926,93.26886091820988,57.0211540316358
val_ulcer_ (32).jpg,1_ulcerative_colitis\val_ulcer_ (32).jpg,1_ulcerative_colitis,720,576,3,115.51564911265432,65.99561631944445,54.38121383101852
val_ulcer_ (33).jpg,1_ulcerative_colitis\val_ulcer_ (33).jpg,1_ulcerative_colitis,720,576,3,133.5488208912037,90.81267119984568,68.79109037422839
val_ulcer_ (34).jpg,1_ulcerative_colitis\val_ulcer_ (34).jpg,1_ulcerative_colitis,720,576,3,138.179972029321,71.13123312114197,46.923464023919756
val_ulcer_ (35).jpg,1_ulcerative_colitis\val_ulcer_ (35).jpg,1_ulcerative_colitis,720,576,3,112.62248746141975,70.66294849537037,40.14198977623457
val_ulcer_ (36).jpg,1_ulcerative_colitis\val_ulcer_ (36).jpg,1_ulcerative_colitis,720,576,3,111.70311053240741,70.29738859953704,46.06293402777778
val_ulcer_ (37).jpg,1_ulcerative_colitis\val_ulcer_ (37).jpg,1_ulcerative_colitis,720,576,3,122.45382908950617,49.71967351466049,34.67617669753086
val_ulcer_ (38).jpg,1_ulcerative_colitis\val_ulcer_ (38).jpg,1_ulcerative_colitis,720,576,3,136.19330150462963,86.6102985146605,64.37307581018518
val_ulcer_ (39).jpg,1_ulcerative_colitis\val_ulcer_ (39).jpg,1_ulcerative_colitis,720,576,3,100.60653694058642,57.60660204475309,46.15601851851852
val_ulcer_ (4).jpg,1_ulcerative_colitis\val_ulcer_ (4).jpg,1_ulcerative_colitis,720,576,3,153.42027633101853,89.65024112654321,64.81494020061729
val_ulcer_ (40).jpg,1_ulcerative_colitis\val_ulcer_ (40).jpg,1_ulcerative_colitis,720,576,3,121.5840301890432,85.62951871141975,66.86279658564816
val_ulcer_ (41).jpg,1_ulcerative_colitis\val_ulcer_ (41).jpg,1_ulcerative_colitis,720,576,3,122.9209056712963,78.10548321759259,55.454005111882715
val_ulcer_ (42).jpg,1_ulcerative_colitis\val_ulcer_ (42).jpg,1_ulcerative_colitis,720,576,3,112.5464988425926,67.31095437885803,40.2696662808642
val_ulcer_ (43).jpg,1_ulcerative_colitis\val_ulcer_ (43).jpg,1_ulcerative_colitis,720,576,3,142.9976417824074,74.49787808641975,58.18758439429013
val_ulcer_ (44).jpg,1_ulcerative_colitis\val_ulcer_ (44).jpg,1_ulcerative_colitis,720,576,3,137.83798466435186,78.8408661265432,58.701989293981484
val_ulcer_ (45).jpg,1_ulcerative_colitis\val_ulcer_ (45).jpg,1_ulcerative_colitis,720,576,3,112.59900414737655,71.50551938657408,58.49754050925926
val_ulcer_ (46).jpg,1_ulcerative_colitis\val_ulcer_ (46).jpg,1_ulcerative_colitis,720,576,3,105.72979600694444,66.5609977816358,51.492503375771605
val_ulcer_ (47).jpg,1_ulcerative_colitis\val_ulcer_ (47).jpg,1_ulcerative_colitis,720,576,3,119.0422694830247,76.67327353395062,53.538307773919755
val_ulcer_ (48).jpg,1_ulcerative_colitis\val_ulcer_ (48).jpg,1_ulcerative_colitis,1920,1072,3,126.71635912235696,66.16769667288557,49.896359996890546
val_ulcer_ (49).jpg,1_ulcerative_colitis\val_ulcer_ (49).jpg,1_ulcerative_colitis,720,576,3,118.27157841435185,55.10076919367284,39.777502893518516
val_ulcer_ (5).jpg,1_ulcerative_colitis\val_ulcer_ (5).jpg,1_ulcerative_colitis,720,576,3,127.00994888117285,58.11010079089506,37.08205536265432
val_ulcer_ (50).jpg,1_ulcerative_colitis\val_ulcer_ (50).jpg,1_ulcerative_colitis,720,576,3,147.25239438657408,80.02266107253087,60.26144386574074
val_ulcer_ (51).jpg,1_ulcerative_colitis\val_ulcer_ (51).jpg,1_ulcerative_colitis,720,576,3,83.40282118055555,46.97383777006173,34.2056640625
val_ulcer_ (52).jpg,1_ulcerative_colitis\val_ulcer_ (52).jpg,1_ulcerative_colitis,720,576,3,135.78072675540125,83.76086757330246,61.60795958719136
val_ulcer_ (53).jpg,1_ulcerative_colitis\val_ulcer_ (53).jpg,1_ulcerative_colitis,720,576,3,141.98346113040122,60.13979793595679,21.25389419367284
val_ulcer_ (54).jpg,1_ulcerative_colitis\val_ulcer_ (54).jpg,1_ulcerative_colitis,720,576,3,153.29517264660493,76.44494116512345,62.435691550925924
val_ulcer_ (55).jpg,1_ulcerative_colitis\val_ulcer_ (55).jpg,1_ulcerative_colitis,720,576,3,93.14704861111112,52.33954234182099,41.7938102816358
val_ulcer_ (56).jpg,1_ulcerative_colitis\val_ulcer_ (56).jpg,1_ulcerative_colitis,720,576,3,144.8045741705247,69.31738522376543,39.09007523148148
val_ulcer_ (57).jpg,1_ulcerative_colitis\val_ulcer_ (57).jpg,1_ulcerative_colitis,720,576,3,119.42676022376543,73.29629629629629,48.311306423611114
val_ulcer_ (58).jpg,1_ulcerative_colitis\val_ulcer_ (58).jpg,1_ulcerative_colitis,720,576,3,142.69293499228394,73.33635947145062,61.16159577546296
val_ulcer_ (59).jpg,1_ulcerative_colitis\val_ulcer_ (59).jpg,1_ulcerative_colitis,720,576,3,124.40007233796297,69.75659963348765,53.79023678626543
val_ulcer_ (6).jpg,1_ulcerative_colitis\val_ulcer_ (6).jpg,1_ulcerative_colitis,720,576,3,135.78072675540125,83.76086757330246,61.60795958719136
val_ulcer_ (60).jpg,1_ulcerative_colitis\val_ulcer_ (60).jpg,1_ulcerative_colitis,720,576,3,127.21429880401234,79.94008969907408,66.1221161265432
val_ulcer_ (61).jpg,1_ulcerative_colitis\val_ulcer_ (61).jpg,1_ulcerative_colitis,720,576,3,107.11372733410494,80.03750482253086,58.22113956404321
val_ulcer_ (62).jpg,1_ulcerative_colitis\val_ulcer_ (62).jpg,1_ulcerative_colitis,720,576,3,137.42358458719136,75.59853877314815,57.60661651234568
val_ulcer_ (63).jpg,1_ulcerative_colitis\val_ulcer_ (63).jpg,1_ulcerative_colitis,720,576,3,150.86872347608025,87.83514419367285,60.97581500771605
val_ulcer_ (64).jpg,1_ulcerative_colitis\val_ulcer_ (64).jpg,1_ulcerative_colitis,720,576,3,125.98134645061728,55.63082320601852,40.162389081790124
val_ulcer_ (65).jpg,1_ulcerative_colitis\val_ulcer_ (65).jpg,1_ulcerative_colitis,720,576,3,139.8637080439815,68.49529079861111,39.67330005787037
val_ulcer_ (66).jpg,1_ulcerative_colitis\val_ulcer_ (66).jpg,1_ulcerative_colitis,720,576,3,141.51666425540122,75.55872636959876,54.93579041280864
val_ulcer_ (67).jpg,1_ulcerative_colitis\val_ulcer_ (67).jpg,1_ulcerative_colitis,720,576,3,106.81246624228395,63.8907672646605,42.68755787037037
val_ulcer_ (68).jpg,1_ulcerative_colitis\val_ulcer_ (68).jpg,1_ulcerative_colitis,720,576,3,140.89345341435185,86.84772135416667,67.21681857638889
val_ulcer_ (69).jpg,1_ulcerative_colitis\val_ulcer_ (69).jpg,1_ulcerative_colitis,720,576,3,133.6200954861111,70.26237702546297,54.193518518518516
val_ulcer_ (7).jpg,1_ulcerative_colitis\val_ulcer_ (7).jpg,1_ulcerative_colitis,720,576,3,97.59441550925926,63.276422646604935,52.94971064814815
val_ulcer_ (70).jpg,1_ulcerative_colitis\val_ulcer_ (70).jpg,1_ulcerative_colitis,720,576,3,95.58315972222222,63.117189911265434,45.86788676697531
val_ulcer_ (71).jpg,1_ulcerative_colitis\val_ulcer_ (71).jpg,1_ulcerative_colitis,720,576,3,111.50085117669754,51.96451099537037,39.882115644290124
val_ulcer_ (72).jpg,1_ulcerative_colitis\val_ulcer_ (72).jpg,1_ulcerative_colitis,720,576,3,118.62770543981482,61.19667727623457,33.47162181712963
val_ulcer_ (73).jpg,1_ulcerative_colitis\val_ulcer_ (73).jpg,1_ulcerative_colitis,720,576,3,141.97060426311728,84.93077256944444,66.21772521219135
val_ulcer_ (74).jpg,1_ulcerative_colitis\val_ulcer_ (74).jpg,1_ulcerative_colitis,720,576,3,121.64635898919754,75.92550636574074,59.01335358796296
val_ulcer_ (75).jpg,1_ulcerative_colitis\val_ulcer_ (75).jpg,1_ulcerative_colitis,720,576,3,135.57209924768517,73.72816599151234,60.47302758487654
val_ulcer_ (76).jpg,1_ulcerative_colitis\val_ulcer_ (76).jpg,1_ulcerative_colitis,720,576,3,113.96483410493828,65.93337914737654,58.823808834876544
val_ulcer_ (77).jpg,1_ulcerative_colitis\val_ulcer_ (77).jpg,1_ulcerative_colitis,720,576,3,103.8845630787037,56.16322579089506,37.66332706404321
val_ulcer_ (78).jpg,1_ulcerative_colitis\val_ulcer_ (78).jpg,1_ulcerative_colitis,720,576,3,121.74849537037036,43.00958236882716,31.626914544753088
val_ulcer_ (79).jpg,1_ulcerative_colitis\val_ulcer_ (79).jpg,1_ulcerative_colitis,720,576,3,122.01136670524691,70.67654079861111,42.58548900462963
val_ulcer_ (8).jpg,1_ulcerative_colitis\val_ulcer_ (8).jpg,1_ulcerative_colitis,720,576,3,131.3991584683642,73.72012442129629,47.520510223765434
val_ulcer_ (80).jpg,1_ulcerative_colitis\val_ulcer_ (80).jpg,1_ulcerative_colitis,720,576,3,123.47987075617284,66.80922309027778,34.72331934799383
val_ulcer_ (81).jpg,1_ulcerative_colitis\val_ulcer_ (81).jpg,1_ulcerative_colitis,720,576,3,107.6944709683642,59.84131462191358,37.618892264660495
val_ulcer_ (82).jpg,1_ulcerative_colitis\val_ulcer_ (82).jpg,1_ulcerative_colitis,720,576,3,122.06738522376543,65.41831114969136,42.91456886574074
val_ulcer_ (83).jpg,1_ulcerative_colitis\val_ulcer_ (83).jpg,1_ulcerative_colitis,720,576,3,125.93810522762345,62.50925202546296,32.526866319444444
val_ulcer_ (84).jpg,1_ulcerative_colitis\val_ulcer_ (84).jpg,1_ulcerative_colitis,720,576,3,103.90719039351852,65.4070842978395,38.53995466820987
val_ulcer_ (85).jpg,1_ulcerative_colitis\val_ulcer_ (85).jpg,1_ulcerative_colitis,720,576,3,143.53120177469137,76.91329571759259,62.665251253858024
val_ulcer_ (86).jpg,1_ulcerative_colitis\val_ulcer_ (86).jpg,1_ulcerative_colitis,720,576,3,94.17329282407407,61.96667872299383,40.02953800154321
val_ulcer_ (87).jpg,1_ulcerative_colitis\val_ulcer_ (87).jpg,1_ulcerative_colitis,720,576,3,117.77336033950617,67.87455632716049,40.19374758873457
val_ulcer_ (88).jpg,1_ulcerative_colitis\val_ulcer_ (88).jpg,1_ulcerative_colitis,720,576,3,139.75982349537037,80.52753665123457,68.08376012731482
val_ulcer_ (89).jpg,1_ulcerative_colitis\val_ulcer_ (89).jpg,1_ulcerative_colitis,720,576,3,122.70609567901235,49.96837384259259,34.74363908179012
val_ulcer_ (9).jpg,1_ulcerative_colitis\val_ulcer_ (9).jpg,1_ulcerative_colitis,720,576,3,128.4526355131173,54.33098234953704,29.29680507330247
val_ulcer_ (90).jpg,1_ulcerative_colitis\val_ulcer_ (90).jpg,1_ulcerative_colitis,720,576,3,116.12724971064814,56.265152391975306,41.31386236496913
val_ulcer_ (91).jpg,1_ulcerative_colitis\val_ulcer_ (91).jpg,1_ulcerative_colitis,720,576,3,123.51428915895062,80.43486448688272,46.65393518518518
val_ulcer_ (92).jpg,1_ulcerative_colitis\val_ulcer_ (92).jpg,1_ulcerative_colitis,720,576,3,128.9875530478395,53.468815104166666,31.358494888117285
val_ulcer_ (93).jpg,1_ulcerative_colitis\val_ulcer_ (93).jpg,1_ulcerative_colitis,720,576,3,143.83702498070988,56.28931327160494,30.932923418209878
val_ulcer_ (94).jpg,1_ulcerative_colitis\val_ulcer_ (94).jpg,1_ulcerative_colitis,720,576,3,129.2116657021605,58.05611255787037,34.62088396990741
val_ulcer_ (95).jpg,1_ulcerative_colitis\val_ulcer_ (95).jpg,1_ulcerative_colitis,720,576,3,118.63932291666667,79.82336516203704,56.250790895061726
val_ulcer_ (96).jpg,1_ulcerative_colitis\val_ulcer_ (96).jpg,1_ulcerative_colitis,720,576,3,128.03031201774692,56.01703076774692,29.50726996527778
val_ulcer_ (97).jpg,1_ulcerative_colitis\val_ulcer_ (97).jpg,1_ulcerative_colitis,720,576,3,146.55870466820988,56.64549334490741,43.84627700617284
val_ulcer_ (98).jpg,1_ulcerative_colitis\val_ulcer_ (98).jpg,1_ulcerative_colitis,720,576,3,142.15930266203705,82.01719955632716,62.02541473765432
val_ulcer_ (99).jpg,1_ulcerative_colitis\val_ulcer_ (99).jpg,1_ulcerative_colitis,720,576,3,124.04055266203704,66.7721378279321,34.01699459876543
val_polyps_ (1).jpg,2_polyps\val_polyps_ (1).jpg,2_polyps,720,576,3,116.4613064236111,73.05250289351852,51.18234471450617
val_polyps_ (10).jpg,2_polyps\val_polyps_ (10).jpg,2_polyps,720,576,3,95.985546875,78.16447723765432,62.56809895833333
val_polyps_ (100).jpg,2_polyps\val_polyps_ (100).jpg,2_polyps,720,576,3,120.14949363425926,78.58563126929012,53.98101610725308
val_polyps_ (101).jpg,2_polyps\val_polyps_ (101).jpg,2_polyps,720,576,3,117.7700569058642,75.3399860146605,59.1322265625
val_polyps_ (102).jpg,2_polyps\val_polyps_ (102).jpg,2_polyps,720,576,3,121.85104166666666,82.12786458333333,56.39885464891975
val_polyps_ (103).jpg,2_polyps\val_polyps_ (103).jpg,2_polyps,720,576,3,82.66510175540124,47.58818238811728,36.08756992669753
val_polyps_ (104).jpg,2_polyps\val_polyps_ (104).jpg,2_polyps,720,576,3,66.0421947337963,53.5953800154321,39.70950038580247
val_polyps_ (105).jpg,2_polyps\val_polyps_ (105).jpg,2_polyps,720,576,3,116.4563247492284,80.35733748070987,64.69590084876543
val_polyps_ (106).jpg,2_polyps\val_polyps_ (106).jpg,2_polyps,720,576,3,95.92520736882716,66.32724488811728,49.69864486882716
val_polyps_ (107).jpg,2_polyps\val_polyps_ (107).jpg,2_polyps,720,576,3,77.12752218364197,45.84643614969136,29.55971981095679
val_polyps_ (108).jpg,2_polyps\val_polyps_ (108).jpg,2_polyps,720,576,3,130.2730758101852,60.6218822337963,39.267549189814815
val_polyps_ (109).jpg,2_polyps\val_polyps_ (109).jpg,2_polyps,720,576,3,118.43159239969135,78.78321759259259,67.46115451388889
val_polyps_ (11).jpg,2_polyps\val_polyps_ (11).jpg,2_polyps,720,576,3,91.83495852623457,70.70338059413581,57.14098427854938
val_polyps_ (110).jpg,2_polyps\val_polyps_ (110).jpg,2_polyps,720,576,3,146.55980661651233,75.5597125771605,53.89596354166667
val_polyps_ (111).jpg,2_polyps\val_polyps_ (111).jpg,2_polyps,720,576,3,139.4933521412037,92.50919656635803,61.75050636574074
val_polyps_ (112).jpg,2_polyps\val_polyps_ (112).jpg,2_polyps,720,576,3,134.2325183256173,73.4569709683642,61.82614535108025
val_polyps_ (113).jpg,2_polyps\val_polyps_ (113).jpg,2_polyps,720,576,3,139.87788628472222,94.74616367669753,71.0841796875
val_polyps_ (114).jpg,2_polyps\val_polyps_ (114).jpg,2_polyps,720,576,3,133.2407889660494,65.88706597222222,48.23499710648148
val_polyps_ (115).jpg,2_polyps\val_polyps_ (115).jpg,2_polyps,720,576,3,131.94975646219135,74.11634114583333,62.8044246720679
val_polyps_ (116).jpg,2_polyps\val_polyps_ (116).jpg,2_polyps,720,576,3,86.89964072145062,52.38383246527778,41.444056230709876
val_polyps_ (117).jpg,2_polyps\val_polyps_ (117).jpg,2_polyps,720,576,3,104.92738474151234,59.87289737654321,38.95919174382716
val_polyps_ (118).jpg,2_polyps\val_polyps_ (118).jpg,2_polyps,720,576,3,121.74789737654321,83.69530285493828,68.41372974537038
val_polyps_ (119).jpg,2_polyps\val_polyps_ (119).jpg,2_polyps,720,576,3,134.08711419753087,86.38520447530864,65.32931375385803
val_polyps_ (12).jpg,2_polyps\val_polyps_ (12).jpg,2_polyps,720,576,3,103.13113425925926,68.54349922839506,51.667156153549385
val_polyps_ (120).jpg,2_polyps\val_polyps_ (120).jpg,2_polyps,720,576,3,111.77220293209876,75.66642071759259,59.17640094521605
val_polyps_ (121).jpg,2_polyps\val_polyps_ (121).jpg,2_polyps,720,576,3,142.85308159722223,73.09417438271605,54.781727430555556
val_polyps_ (122).jpg,2_polyps\val_polyps_ (122).jpg,2_polyps,720,576,3,113.92277199074074,69.94732108410494,47.024918016975306
val_polyps_ (123).jpg,2_polyps\val_polyps_ (123).jpg,2_polyps,720,576,3,82.71527295524692,61.65021219135802,49.7987606095679
val_polyps_ (124).jpg,2_polyps\val_polyps_ (124).jpg,2_polyps,720,576,3,107.50729890046296,82.10714699074074,64.47602961033951
val_polyps_ (125).jpg,2_polyps\val_polyps_ (125).jpg,2_polyps,720,576,3,120.73108121141975,73.39324604552469,56.109842785493825
val_polyps_ (126).jpg,2_polyps\val_polyps_ (126).jpg,2_polyps,720,576,3,130.9697627314815,77.64924527391975,61.92207272376543
val_polyps_ (127).jpg,2_polyps\val_polyps_ (127).jpg,2_polyps,720,576,3,118.11017795138889,80.41073013117284,60.46778549382716
val_polyps_ (128).jpg,2_polyps\val_polyps_ (128).jpg,2_polyps,720,576,3,102.19030912422839,78.63611593364197,58.8582561728395
val_polyps_ (129).jpg,2_polyps\val_polyps_ (129).jpg,2_polyps,720,576,3,103.85228346836419,75.82470341435184,57.931288580246914
val_polyps_ (13).jpg,2_polyps\val_polyps_ (13).jpg,2_polyps,720,576,3,115.03483555169753,71.28303192515432,52.30833333333333
val_polyps_ (130).jpg,2_polyps\val_polyps_ (130).jpg,2_polyps,720,576,3,107.36747444058642,78.33924575617284,61.31950472608025
val_polyps_ (131).jpg,2_polyps\val_polyps_ (131).jpg,2_polyps,720,576,3,119.87453944830247,74.09372829861111,56.57501929012346
val_polyps_ (132).jpg,2_polyps\val_polyps_ (132).jpg,2_polyps,720,576,3,109.81918885030865,63.30121045524692,36.82983217592592
val_polyps_ (133).jpg,2_polyps\val_polyps_ (133).jpg,2_polyps,720,576,3,106.72105758101851,81.8138671875,58.15334442515432
val_polyps_ (134).jpg,2_polyps\val_polyps_ (134).jpg,2_polyps,720,576,3,103.36424334490741,64.32024016203704,47.96151861496914
val_polyps_ (135).jpg,2_polyps\val_polyps_ (135).jpg,2_polyps,720,576,3,111.41526572145062,77.96491849922839,46.62986834490741
val_polyps_ (136).jpg,2_polyps\val_polyps_ (136).jpg,2_polyps,720,576,3,112.75461516203704,84.87621527777777,57.30038821373457
val_polyps_ (137).jpg,2_polyps\val_polyps_ (137).jpg,2_polyps,720,576,3,149.54872444058643,89.19767795138888,68.02959587191359
val_polyps_ (138).jpg,2_polyps\val_polyps_ (138).jpg,2_polyps,720,576,3,84.67491801697531,48.19881606867284,29.686197916666668
val_polyps_ (139).jpg,2_polyps\val_polyps_ (139).jpg,2_polyps,720,576,3,106.98957127700618,74.75439332561729,48.74047550154321
val_polyps_ (14).jpg,2_polyps\val_polyps_ (14).jpg,2_polyps,720,576,3,63.0427734375,51.932421875,37.73179012345679
val_polyps_ (140).jpg,2_polyps\val_polyps_ (140).jpg,2_polyps,720,576,3,77.1079402970679,56.10409915123457,32.509548611111114
val_polyps_ (141).jpg,2_polyps\val_polyps_ (141).jpg,2_polyps,720,576,3,149.30661168981482,74.73577835648148,55.71094232253086
val_polyps_ (142).jpg,2_polyps\val_polyps_ (142).jpg,2_polyps,720,576,3,121.55255835262345,76.44592496141975,51.94756221064815
val_polyps_ (143).jpg,2_polyps\val_polyps_ (143).jpg,2_polyps,720,576,3,90.57472752700617,46.074351369598766,32.257889660493824
val_polyps_ (144).jpg,2_polyps\val_polyps_ (144).jpg,2_polyps,720,576,3,134.34887393904322,82.06978202160494,62.043494405864195
val_polyps_ (145).jpg,2_polyps\val_polyps_ (145).jpg,2_polyps,720,576,3,121.16127989969135,66.45686005015432,50.657923418209876
val_polyps_ (146).jpg,2_polyps\val_polyps_ (146).jpg,2_polyps,720,576,3,119.27303240740741,82.05408227237655,59.95309365354938
val_polyps_ (147).jpg,2_polyps\val_polyps_ (147).jpg,2_polyps,720,576,3,107.48299334490741,76.49535108024692,50.424640721450615
val_polyps_ (148).jpg,2_polyps\val_polyps_ (148).jpg,2_polyps,720,576,3,116.61946614583333,72.00845630787038,62.98389998070988
val_polyps_ (149).jpg,2_polyps\val_polyps_ (149).jpg,2_polyps,720,576,3,124.98826195987654,61.81188271604938,34.20250289351852
val_polyps_ (15).jpg,2_polyps\val_polyps_ (15).jpg,2_polyps,720,576,3,108.25077883873456,75.77543161651235,57.38741801697531
val_polyps_ (150).jpg,2_polyps\val_polyps_ (150).jpg,2_polyps,720,576,3,136.6327907986111,75.65341676311728,62.87927517361111
val_polyps_ (16).jpg,2_polyps\val_polyps_ (16).jpg,2_polyps,720,576,3,94.67913532021605,73.04906925154322,50.322487461419755
val_polyps_ (17).jpg,2_polyps\val_polyps_ (17).jpg,2_polyps,720,576,3,140.2646484375,76.14535590277778,57.88504774305556
val_polyps_ (18).jpg,2_polyps\val_polyps_ (18).jpg,2_polyps,720,576,3,99.65003616898149,67.92537615740741,52.731290991512346
val_polyps_ (19).jpg,2_polyps\val_polyps_ (19).jpg,2_polyps,720,576,3,128.13966049382717,83.66964699074074,64.22672887731481
val_polyps_ (2).jpg,2_polyps\val_polyps_ (2).jpg,2_polyps,720,576,3,116.61668113425925,76.85352527006172,56.4908130787037
val_polyps_ (20).jpg,2_polyps\val_polyps_ (20).jpg,2_polyps,720,576,3,120.64016927083334,83.67785976080246,64.22323013117284
val_polyps_ (21).jpg,2_polyps\val_polyps_ (21).jpg,2_polyps,720,576,3,120.6322940779321,59.569087577160495,39.99301697530864
val_polyps_ (22).jpg,2_polyps\val_polyps_ (22).jpg,2_polyps,1280,1024,3,145.26055755615235,95.43247833251954,84.0423469543457
val_polyps_ (23).jpg,2_polyps\val_polyps_ (23).jpg,2_polyps,720,576,3,95.90743152006173,57.81428674768519,45.783268229166666
val_polyps_ (24).jpg,2_polyps\val_polyps_ (24).jpg,2_polyps,720,576,3,140.5067756558642,74.59007764274692,38.710747010030865
val_polyps_ (25).jpg,2_polyps\val_polyps_ (25).jpg,2_polyps,720,576,3,124.25289110725309,73.83105227623457,53.17191840277778
val_polyps_ (26).jpg,2_polyps\val_polyps_ (26).jpg,2_polyps,720,576,3,114.61057822145062,61.19620466820987,51.57073688271605
val_polyps_ (27).jpg,2_polyps\val_polyps_ (27).jpg,2_polyps,720,576,3,108.45004581404321,74.15250048225309,57.09706548996913
val_polyps_ (28).jpg,2_polyps\val_polyps_ (28).jpg,2_polyps,720,576,3,121.16729600694444,83.58951581790123,66.83264853395062
val_polyps_ (29).jpg,2_polyps\val_polyps_ (29).jpg,2_polyps,720,576,3,99.31921296296296,58.712010513117285,46.76599392361111
val_polyps_ (3).jpg,2_polyps\val_polyps_ (3).jpg,2_polyps,720,576,3,124.63210358796296,75.01065779320987,56.15717351466049
val_polyps_ (30).jpg,2_polyps\val_polyps_ (30).jpg,2_polyps,720,576,3,94.92468894675926,77.62561969521605,64.26685233410494
val_polyps_ (31).jpg,2_polyps\val_polyps_ (31).jpg,2_polyps,720,576,3,110.59835310570988,73.95472608024691,52.53452932098765
val_polyps_ (32).jpg,2_polyps\val_polyps_ (32).jpg,2_polyps,720,576,3,136.65654176311727,83.66516203703704,69.57785734953704
val_polyps_ (33).jpg,2_polyps\val_polyps_ (33).jpg,2_polyps,720,576,3,113.74432388117285,76.72495418595679,44.33557581018518
val_polyps_ (34).jpg,2_polyps\val_polyps_ (34).jpg,2_polyps,720,576,3,111.42301070601852,78.25099344135802,49.23523823302469
val_polyps_ (35).jpg,2_polyps\val_polyps_ (35).jpg,2_polyps,720,576,3,89.22421633873456,68.59145447530864,54.57136863425926
val_polyps_ (36).jpg,2_polyps\val_polyps_ (36).jpg,2_polyps,720,576,3,141.83937355324073,76.65667438271605,54.84281925154321
val_polyps_ (37).jpg,2_polyps\val_polyps_ (37).jpg,2_polyps,720,576,3,133.6406322337963,75.48682484567901,53.77222704475309
val_polyps_ (38).jpg,2_polyps\val_polyps_ (38).jpg,2_polyps,720,576,3,105.41277729552469,72.93505979938271,56.93007330246913
val_polyps_ (39).jpg,2_polyps\val_polyps_ (39).jpg,2_polyps,720,576,3,127.15236304012346,93.3845027970679,67.00201099537037
val_polyps_ (4).jpg,2_polyps\val_polyps_ (4).jpg,2_polyps,720,576,3,120.01186824845679,64.84337866512345,43.18291859567901
val_polyps_ (40).jpg,2_polyps\val_polyps_ (40).jpg,2_polyps,1920,1072,3,139.2026906483209,79.36415724113806,65.38291307136194
val_polyps_ (41).jpg,2_polyps\val_polyps_ (41).jpg,2_polyps,720,576,3,98.09459394290124,72.6899184992284,55.69137490354938
val_polyps_ (42).jpg,2_polyps\val_polyps_ (42).jpg,2_polyps,720,576,3,139.06913580246913,75.89785638503086,55.97588975694445
val_polyps_ (43).jpg,2_polyps\val_polyps_ (43).jpg,2_polyps,720,576,3,104.50255594135803,63.69452883873457,42.55176745756173
val_polyps_ (44).jpg,2_polyps\val_polyps_ (44).jpg,2_polyps,720,576,3,121.92710262345679,83.97106240354938,75.91977478780865
val_polyps_ (45).jpg,2_polyps\val_polyps_ (45).jpg,2_polyps,720,576,3,117.66572145061728,62.25086564429012,31.548823302469135
val_polyps_ (46).jpg,2_polyps\val_polyps_ (46).jpg,2_polyps,720,576,3,117.19243827160494,82.60159625771605,68.19463011188272
val_polyps_ (47).jpg,2_polyps\val_polyps_ (47).jpg,2_polyps,720,576,3,80.15427999614198,62.6694637345679,48.1995418595679
val_polyps_ (48).jpg,2_polyps\val_polyps_ (48).jpg,2_polyps,720,576,3,123.18526716820988,78.07874710648149,58.22051022376543
val_polyps_ (49).jpg,2_polyps\val_polyps_ (49).jpg,2_polyps,720,576,3,135.41682339891975,76.16952642746914,61.699633487654324
val_polyps_ (5).jpg,2_polyps\val_polyps_ (5).jpg,2_polyps,720,576,3,118.71937451774691,77.80093074845679,55.1434871720679
val_polyps_ (50).jpg,2_polyps\val_polyps_ (50).jpg,2_polyps,720,576,3,92.37826485339507,62.289607445987656,47.90739293981481
val_polyps_ (51).jpg,2_polyps\val_polyps_ (51).jpg,2_polyps,720,576,3,111.58538532021605,63.07054639274691,46.50728925540123
val_polyps_ (52).jpg,2_polyps\val_polyps_ (52).jpg,2_polyps,720,576,3,116.74328462577161,80.81553337191357,60.91405044367284
val_polyps_ (53).jpg,2_polyps\val_polyps_ (53).jpg,2_polyps,720,576,3,90.18482108410494,60.934129050925925,50.59234664351852
val_polyps_ (54).jpg,2_polyps\val_polyps_ (54).jpg,2_polyps,720,576,3,132.721981095679,79.91124373070987,63.14455777391975
val_polyps_ (55).jpg,2_polyps\val_polyps_ (55).jpg,2_polyps,720,576,3,144.9077980324074,90.1422622492284,66.0207706404321
val_polyps_ (56).jpg,2_polyps\val_polyps_ (56).jpg,2_polyps,720,576,3,118.29976369598765,74.33247733410494,56.660713252314814
val_polyps_ (57).jpg,2_polyps\val_polyps_ (57).jpg,2_polyps,720,576,3,132.5205078125,76.9475959683642,57.362938850308645
val_polyps_ (58).jpg,2_polyps\val_polyps_ (58).jpg,2_polyps,720,576,3,117.71702112268518,80.11488956404321,54.844003182870374
val_polyps_ (59).jpg,2_polyps\val_polyps_ (59).jpg,2_polyps,720,576,3,99.74363908179012,71.63240981867284,56.111043595679014
val_polyps_ (6).jpg,2_polyps\val_polyps_ (6).jpg,2_polyps,720,576,3,119.3829933449074,76.23076292438272,60.84626736111111
val_polyps_ (60).jpg,2_polyps\val_polyps_ (60).jpg,2_polyps,720,576,3,84.09344135802469,66.44032600308643,51.96930459104938
val_polyps_ (61).jpg,2_polyps\val_polyps_ (61).jpg,2_polyps,720,576,3,117.25141300154321,79.39702449845679,62.37819492669753
val_polyps_ (62).jpg,2_polyps\val_polyps_ (62).jpg,2_polyps,720,576,3,139.0999252507716,75.98201678240741,56.774823977623456
val_polyps_ (63).jpg,2_polyps\val_polyps_ (63).jpg,2_polyps,720,576,3,132.46648582175925,77.31174768518518,57.69963589891975
val_polyps_ (64).jpg,2_polyps\val_polyps_ (64).jpg,2_polyps,720,576,3,123.8800636574074,81.32495418595678,60.717640817901234
val_polyps_ (65).jpg,2_polyps\val_polyps_ (65).jpg,2_polyps,720,576,3,101.3149643132716,63.39959008487654,48.80939187885802
val_polyps_ (66).jpg,2_polyps\val_polyps_ (66).jpg,2_polyps,720,576,3,85.53637393904322,57.53643180941358,36.93275704089506
val_polyps_ (67).jpg,2_polyps\val_polyps_ (67).jpg,2_polyps,720,576,3,108.10622106481482,87.12768132716049,67.60381221064814
val_polyps_ (68).jpg,2_polyps\val_polyps_ (68).jpg,2_polyps,720,576,3,119.20472366898149,74.25914834104938,53.02154224537037
val_polyps_ (69).jpg,2_polyps\val_polyps_ (69).jpg,2_polyps,720,576,3,113.82560281635803,76.939737654321,60.95659722222222
val_polyps_ (7).jpg,2_polyps\val_polyps_ (7).jpg,2_polyps,720,576,3,114.19691358024691,77.17548707561728,56.495604263117286
val_polyps_ (70).jpg,2_polyps\val_polyps_ (70).jpg,2_polyps,720,576,3,119.87580536265432,67.1350284529321,50.64631076388889
val_polyps_ (71).jpg,2_polyps\val_polyps_ (71).jpg,2_polyps,720,576,3,80.64630111882715,72.49478925540123,60.24579475308642
val_polyps_ (72).jpg,2_polyps\val_polyps_ (72).jpg,2_polyps,720,576,3,96.73572289737655,70.40101273148149,57.38880208333333
val_polyps_ (73).jpg,2_polyps\val_polyps_ (73).jpg,2_polyps,720,576,3,88.0833236882716,65.52856143904322,47.465096932870374
val_polyps_ (74).jpg,2_polyps\val_polyps_ (74).jpg,2_polyps,720,576,3,119.11199363425926,63.29725597993827,37.09249855324074
val_polyps_ (75).jpg,2_polyps\val_polyps_ (75).jpg,2_polyps,720,576,3,115.80638020833334,89.42207995756173,69.18036988811728
val_polyps_ (76).jpg,2_polyps\val_polyps_ (76).jpg,2_polyps,720,576,3,110.66333670910494,79.58787615740741,66.24230324074074
val_polyps_ (77).jpg,2_polyps\val_polyps_ (77).jpg,2_polyps,720,576,3,99.73926263503087,66.50047984182099,43.04195601851852
val_polyps_ (78).jpg,2_polyps\val_polyps_ (78).jpg,2_polyps,720,576,3,139.15669608410494,75.22077305169753,63.08313802083333
val_polyps_ (79).jpg,2_polyps\val_polyps_ (79).jpg,2_polyps,720,576,3,103.87271412037038,84.23584104938271,72.38327305169753
val_polyps_ (8).jpg,2_polyps\val_polyps_ (8).jpg,2_polyps,720,576,3,107.09994212962962,80.12909915123457,59.516698013117285
val_polyps_ (80).jpg,2_polyps\val_polyps_ (80).jpg,2_polyps,720,576,3,106.16813753858025,71.54174623842593,57.98261477623457
val_polyps_ (81).jpg,2_polyps\val_polyps_ (81).jpg,2_polyps,720,576,3,81.54187403549383,60.056172839506175,45.70537712191358
val_polyps_ (82).jpg,2_polyps\val_polyps_ (82).jpg,2_polyps,720,576,3,124.59007040895062,78.73388551311729,67.8980541087963
val_polyps_ (83).jpg,2_polyps\val_polyps_ (83).jpg,2_polyps,720,576,3,102.78461130401234,67.98145736882717,44.72646122685185
val_polyps_ (84).jpg,2_polyps\val_polyps_ (84).jpg,2_polyps,720,576,3,99.19091194058642,69.51834008487654,54.93839699074074
val_polyps_ (85).jpg,2_polyps\val_polyps_ (85).jpg,2_polyps,720,576,3,115.24049479166666,76.90519868827161,55.79475549768519
val_polyps_ (86).jpg,2_polyps\val_polyps_ (86).jpg,2_polyps,720,576,3,110.86462914737655,62.73058931327161,45.17370273919753
val_polyps_ (87).jpg,2_polyps\val_polyps_ (87).jpg,2_polyps,720,576,3,133.09470244984567,73.22855179398148,57.59341724537037
val_polyps_ (88).jpg,2_polyps\val_polyps_ (88).jpg,2_polyps,720,576,3,109.61553096064814,80.05809461805555,62.23634259259259
val_polyps_ (89).jpg,2_polyps\val_polyps_ (89).jpg,2_polyps,720,576,3,134.75814043209877,88.43400125385803,61.28532503858025
val_polyps_ (9).jpg,2_polyps\val_polyps_ (9).jpg,2_polyps,720,576,3,110.02952835648148,63.28088107638889,49.03488136574074
val_polyps_ (90).jpg,2_polyps\val_polyps_ (90).jpg,2_polyps,720,576,3,117.28086178626543,68.42193045910494,53.57036072530864
val_polyps_ (91).jpg,2_polyps\val_polyps_ (91).jpg,2_polyps,720,576,3,134.4989318094136,73.05065827546296,47.523398919753085
val_polyps_ (92).jpg,2_polyps\val_polyps_ (92).jpg,2_polyps,720,576,3,98.80792100694444,74.08766637731482,60.29758150077161
val_polyps_ (93).jpg,2_polyps\val_polyps_ (93).jpg,2_polyps,1920,1072,3,124.35751175761816,75.90411030783582,62.70610278684701
val_polyps_ (94).jpg,2_polyps\val_polyps_ (94).jpg,2_polyps,720,576,3,122.7301456404321,64.5956573109568,47.637890625
val_polyps_ (95).jpg,2_polyps\val_polyps_ (95).jpg,2_polyps,720,576,3,146.22213541666667,76.25667197145061,47.94030912422839
val_polyps_ (96).jpg,2_polyps\val_polyps_ (96).jpg,2_polyps,720,576,3,113.66892361111111,74.89875578703703,60.63392891589506
val_polyps_ (97).jpg,2_polyps\val_polyps_ (97).jpg,2_polyps,720,576,3,102.67694830246914,72.50554591049382,39.38985821759259
val_polyps_ (98).jpg,2_polyps\val_polyps_ (98).jpg,2_polyps,720,576,3,133.63882619598766,75.83441599151234,56.467206790123456
val_polyps_ (99).jpg,2_polyps\val_polyps_ (99).jpg,2_polyps,720,576,3,106.91934799382716,81.23204089506173,65.7371696566358
val_esophagitis_ (1).jpg,3_esophagitis\val_esophagitis_ (1).jpg,3_esophagitis,1280,1024,3,134.94417037963868,91.93154754638672,97.23371276855468
val_esophagitis_ (10).jpg,3_esophagitis\val_esophagitis_ (10).jpg,3_esophagitis,1280,1024,3,170.84282150268555,132.03243408203124,129.36781845092773
val_esophagitis_ (100).jpg,3_esophagitis\val_esophagitis_ (100).jpg,3_esophagitis,1920,1072,3,126.45960383628731,80.42557184779228,75.46949335354478
val_esophagitis_ (101).jpg,3_esophagitis\val_esophagitis_ (101).jpg,3_esophagitis,1280,1024,3,175.35199203491212,125.30001068115234,123.58180389404296
val_esophagitis_ (102).jpg,3_esophagitis\val_esophagitis_ (102).jpg,3_esophagitis,1920,1072,3,130.64543736396143,82.40339659126244,78.21678132773631
val_esophagitis_ (103).jpg,3_esophagitis\val_esophagitis_ (103).jpg,3_esophagitis,1920,1072,3,99.26554337686566,65.69289927316542,62.80578989816542
val_esophagitis_ (104).jpg,3_esophagitis\val_esophagitis_ (104).jpg,3_esophagitis,720,576,3,124.3681110146605,93.74683400848765,92.93196132330247
val_esophagitis_ (105).jpg,3_esophagitis\val_esophagitis_ (105).jpg,3_esophagitis,1280,1024,3,170.1142906188965,132.40596618652344,141.71275024414064
val_esophagitis_ (106).jpg,3_esophagitis\val_esophagitis_ (106).jpg,3_esophagitis,1280,1024,3,170.79006423950196,131.15373306274415,135.3592514038086
val_esophagitis_ (107).jpg,3_esophagitis\val_esophagitis_ (107).jpg,3_esophagitis,1280,1024,3,154.7084930419922,114.17539443969727,112.6202606201172
val_esophagitis_ (108).jpg,3_esophagitis\val_esophagitis_ (108).jpg,3_esophagitis,1920,1072,3,118.2916064210199,84.90329213308458,88.45096587375622
val_esophagitis_ (109).jpg,3_esophagitis\val_esophagitis_ (109).jpg,3_esophagitis,1280,1024,3,126.77622833251954,90.60403900146484,93.24607543945312
val_esophagitis_ (11).jpg,3_esophagitis\val_esophagitis_ (11).jpg,3_esophagitis,1280,1024,3,176.65729293823242,134.5725311279297,140.41392135620117
val_esophagitis_ (110).jpg,3_esophagitis\val_esophagitis_ (110).jpg,3_esophagitis,1280,1024,3,164.91917037963867,111.15939254760742,116.12525482177735
val_esophagitis_ (111).jpg,3_esophagitis\val_esophagitis_ (111).jpg,3_esophagitis,720,576,3,144.94265528549383,109.64285783179012,104.4921272183642
val_esophagitis_ (112).jpg,3_esophagitis\val_esophagitis_ (112).jpg,3_esophagitis,1920,1072,3,118.70722559079601,74.24166812422264,73.3593162119092
val_esophagitis_ (113).jpg,3_esophagitis\val_esophagitis_ (113).jpg,3_esophagitis,1920,1072,3,106.83447897232587,65.29499621035448,63.882555484297264
val_esophagitis_ (114).jpg,3_esophagitis\val_esophagitis_ (114).jpg,3_esophagitis,1280,1024,3,170.4284927368164,131.2186653137207,130.48998336791993
val_esophagitis_ (115).jpg,3_esophagitis\val_esophagitis_ (115).jpg,3_esophagitis,1280,1024,3,205.67430877685547,154.93900833129882,158.9643226623535
val_esophagitis_ (116).jpg,3_esophagitis\val_esophagitis_ (116).jpg,3_esophagitis,1280,1024,3,147.38163833618165,115.01306381225587,117.57086181640625
val_esophagitis_ (117).jpg,3_esophagitis\val_esophagitis_ (117).jpg,3_esophagitis,1280,1024,3,168.81009826660156,127.62718124389649,134.1572525024414
val_esophagitis_ (118).jpg,3_esophagitis\val_esophagitis_ (118).jpg,3_esophagitis,1280,1024,3,170.15476150512694,122.55850143432617,129.25969390869142
val_esophagitis_ (119).jpg,3_esophagitis\val_esophagitis_ (119).jpg,3_esophagitis,1280,1024,3,168.29288330078126,122.1643081665039,121.67523956298828
val_esophagitis_ (12).jpg,3_esophagitis\val_esophagitis_ (12).jpg,3_esophagitis,1920,1072,3,96.69149273165422,69.32175936722636,70.23022096548507
val_esophagitis_ (120).jpg,3_esophagitis\val_esophagitis_ (120).jpg,3_esophagitis,1280,1024,3,152.67804412841798,100.25019302368165,101.03912963867188
val_esophagitis_ (121).jpg,3_esophagitis\val_esophagitis_ (121).jpg,3_esophagitis,1280,1024,3,166.13102035522462,124.1147705078125,127.34028091430665
val_esophagitis_ (122).jpg,3_esophagitis\val_esophagitis_ (122).jpg,3_esophagitis,1280,1024,3,166.40369110107423,136.1899040222168,126.21027603149415
val_esophagitis_ (123).jpg,3_esophagitis\val_esophagitis_ (123).jpg,3_esophagitis,720,576,3,133.5275462962963,98.18831741898148,95.30637297453704
val_esophagitis_ (124).jpg,3_esophagitis\val_esophagitis_ (124).jpg,3_esophagitis,1920,1072,3,102.38905909903607,66.4604200676306,64.64457254741916
val_esophagitis_ (125).jpg,3_esophagitis\val_esophagitis_ (125).jpg,3_esophagitis,1920,1072,3,106.36522222870025,73.1456006102301,67.730859860852
val_esophagitis_ (126).jpg,3_esophagitis\val_esophagitis_ (126).jpg,3_esophagitis,720,576,3,128.9597053433642,94.5961757330247,92.81764081790124
val_esophagitis_ (127).jpg,3_esophagitis\val_esophagitis_ (127).jpg,3_esophagitis,1280,1024,3,166.04825973510742,126.46700820922851,124.10028533935547
val_esophagitis_ (128).jpg,3_esophagitis\val_esophagitis_ (128).jpg,3_esophagitis,1280,1024,3,160.69136276245118,116.37966613769531,119.30145111083985
val_esophagitis_ (129).jpg,3_esophagitis\val_esophagitis_ (129).jpg,3_esophagitis,1280,1024,3,184.99019622802734,125.50905227661133,121.91413116455078
val_esophagitis_ (13).jpg,3_esophagitis\val_esophagitis_ (13).jpg,3_esophagitis,1280,1024,3,171.44009704589843,121.2130355834961,122.20981674194336
val_esophagitis_ (130).jpg,3_esophagitis\val_esophagitis_ (130).jpg,3_esophagitis,1280,1024,3,180.55918884277344,139.98651580810548,142.18125381469727
val_esophagitis_ (131).jpg,3_esophagitis\val_esophagitis_ (131).jpg,3_esophagitis,1280,1024,3,172.34228744506837,131.1662612915039,130.87543029785155
val_esophagitis_ (132).jpg,3_esophagitis\val_esophagitis_ (132).jpg,3_esophagitis,1280,1024,3,179.8827377319336,103.61345520019532,102.80145874023438
val_esophagitis_ (133).jpg,3_esophagitis\val_esophagitis_ (133).jpg,3_esophagitis,1280,1024,3,104.43237686157227,68.08160552978515,75.05090026855468
val_esophagitis_ (134).jpg,3_esophagitis\val_esophagitis_ (134).jpg,3_esophagitis,1280,1024,3,176.62039794921876,133.39628219604492,133.5228729248047
val_esophagitis_ (135).jpg,3_esophagitis\val_esophagitis_ (135).jpg,3_esophagitis,1280,1024,3,155.9432289123535,116.55495834350586,119.30177383422851
val_esophagitis_ (136).jpg,3_esophagitis\val_esophagitis_ (136).jpg,3_esophagitis,1920,1072,3,123.91916346004353,77.898974852301,74.22745501010571
val_esophagitis_ (137).jpg,3_esophagitis\val_esophagitis_ (137).jpg,3_esophagitis,1280,1024,3,174.25402374267577,112.64433670043945,116.01096649169922
val_esophagitis_ (138).jpg,3_esophagitis\val_esophagitis_ (138).jpg,3_esophagitis,1280,1024,3,164.74647750854493,118.46718826293946,120.6204818725586
val_esophagitis_ (139).jpg,3_esophagitis\val_esophagitis_ (139).jpg,3_esophagitis,1280,1024,3,149.77792053222657,96.55453872680664,96.42363739013672
val_esophagitis_ (14).jpg,3_esophagitis\val_esophagitis_ (14).jpg,3_esophagitis,1280,1024,3,179.70964660644532,130.32860946655273,135.51018371582032
val_esophagitis_ (140).jpg,3_esophagitis\val_esophagitis_ (140).jpg,3_esophagitis,1280,1024,3,170.72606887817383,139.48773117065429,143.80256423950195
val_esophagitis_ (141).jpg,3_esophagitis\val_esophagitis_ (141).jpg,3_esophagitis,720,576,3,139.5600212191358,109.36136670524691,108.17249951774691
val_esophagitis_ (142).jpg,3_esophagitis\val_esophagitis_ (142).jpg,3_esophagitis,1280,1024,3,166.9654327392578,127.21400985717773,127.77774276733399
val_esophagitis_ (143).jpg,3_esophagitis\val_esophagitis_ (143).jpg,3_esophagitis,1280,1024,3,174.43209533691407,128.07258834838868,129.5444595336914
val_esophagitis_ (144).jpg,3_esophagitis\val_esophagitis_ (144).jpg,3_esophagitis,1280,1024,3,175.4025978088379,135.53267135620118,134.46681365966796
val_esophagitis_ (145).jpg,3_esophagitis\val_esophagitis_ (145).jpg,3_esophagitis,1280,1024,3,184.06710357666014,132.62661437988282,135.6188217163086
val_esophagitis_ (146).jpg,3_esophagitis\val_esophagitis_ (146).jpg,3_esophagitis,1280,1024,3,159.43902359008788,114.58524169921876,115.68538970947266
val_esophagitis_ (147).jpg,3_esophagitis\val_esophagitis_ (147).jpg,3_esophagitis,720,576,3,138.2361545138889,110.62571132330247,101.08771942515432
val_esophagitis_ (148).jpg,3_esophagitis\val_esophagitis_ (148).jpg,3_esophagitis,1280,1024,3,185.04948043823242,130.19731979370118,130.00006256103515
val_esophagitis_ (149).jpg,3_esophagitis\val_esophagitis_ (149).jpg,3_esophagitis,1280,1024,3,157.34921112060547,121.79319686889649,127.0469352722168
val_esophagitis_ (15).jpg,3_esophagitis\val_esophagitis_ (15).jpg,3_esophagitis,1280,1024,3,186.86967391967772,130.86368865966796,128.94515228271484
val_esophagitis_ (150).jpg,3_esophagitis\val_esophagitis_ (150).jpg,3_esophagitis,1280,1024,3,169.97988891601562,130.25171966552733,130.5271987915039
val_esophagitis_ (16).jpg,3_esophagitis\val_esophagitis_ (16).jpg,3_esophagitis,1280,1024,3,174.50212326049805,125.24637832641602,128.45258255004882
val_esophagitis_ (17).jpg,3_esophagitis\val_esophagitis_ (17).jpg,3_esophagitis,1280,1024,3,135.9994209289551,103.38200988769532,98.50284957885742
val_esophagitis_ (18).jpg,3_esophagitis\val_esophagitis_ (18).jpg,3_esophagitis,720,576,3,133.96433256172838,110.20739535108025,109.60625
val_esophagitis_ (19).jpg,3_esophagitis\val_esophagitis_ (19).jpg,3_esophagitis,1280,1024,3,173.10164642333984,125.40644073486328,129.66714324951172
val_esophagitis_ (2).jpg,3_esophagitis\val_esophagitis_ (2).jpg,3_esophagitis,1280,1024,3,160.98454971313475,113.3721534729004,106.95422058105468
val_esophagitis_ (20).jpg,3_esophagitis\val_esophagitis_ (20).jpg,3_esophagitis,1280,1024,3,163.3047218322754,118.32772369384766,116.36610488891601
val_esophagitis_ (21).jpg,3_esophagitis\val_esophagitis_ (21).jpg,3_esophagitis,1280,1024,3,151.97125473022462,115.15393371582032,121.74619827270507
val_esophagitis_ (22).jpg,3_esophagitis\val_esophagitis_ (22).jpg,3_esophagitis,1280,1024,3,127.77141418457032,93.78459243774414,89.25050582885743
val_esophagitis_ (23).jpg,3_esophagitis\val_esophagitis_ (23).jpg,3_esophagitis,1920,1072,3,131.41399690998134,84.14987173507463,77.2993994869403
val_esophagitis_ (24).jpg,3_esophagitis\val_esophagitis_ (24).jpg,3_esophagitis,1280,1024,3,165.99449615478517,122.0729263305664,122.34824905395507
val_esophagitis_ (25).jpg,3_esophagitis\val_esophagitis_ (25).jpg,3_esophagitis,1280,1024,3,189.17628326416016,128.04668807983398,132.91153411865236
val_esophagitis_ (26).jpg,3_esophagitis\val_esophagitis_ (26).jpg,3_esophagitis,1280,1024,3,159.65793075561524,122.08180389404296,123.791162109375
val_esophagitis_ (27).jpg,3_esophagitis\val_esophagitis_ (27).jpg,3_esophagitis,1280,1024,3,166.19144134521486,111.67269744873047,120.40600280761718
val_esophagitis_ (28).jpg,3_esophagitis\val_esophagitis_ (28).jpg,3_esophagitis,1280,1024,3,161.18636932373047,109.20808639526368,112.38731460571289
val_esophagitis_ (29).jpg,3_esophagitis\val_esophagitis_ (29).jpg,3_esophagitis,1280,1024,3,171.07275619506837,128.69123916625978,130.58417282104492
val_esophagitis_ (3).jpg,3_esophagitis\val_esophagitis_ (3).jpg,3_esophagitis,1280,1024,3,171.89585800170897,127.11455154418945,125.70907440185547
val_esophagitis_ (30).jpg,3_esophagitis\val_esophagitis_ (30).jpg,3_esophagitis,1280,1024,3,163.59398040771484,80.27216110229492,93.04232635498047
val_esophagitis_ (31).jpg,3_esophagitis\val_esophagitis_ (31).jpg,3_esophagitis,1280,1024,3,156.8060173034668,132.39770126342773,132.67792129516602
val_esophagitis_ (32).jpg,3_esophagitis\val_esophagitis_ (32).jpg,3_esophagitis,1280,1024,3,178.84798355102538,132.0150360107422,133.05674438476564
val_esophagitis_ (33).jpg,3_esophagitis\val_esophagitis_ (33).jpg,3_esophagitis,1280,1024,3,176.42242355346679,132.83087005615235,137.83412322998046
val_esophagitis_ (34).jpg,3_esophagitis\val_esophagitis_ (34).jpg,3_esophagitis,720,576,3,128.62459731867284,105.09747058256173,102.18995225694445
val_esophagitis_ (35).jpg,3_esophagitis\val_esophagitis_ (35).jpg,3_esophagitis,1280,1024,3,170.25317993164063,109.97311401367188,120.21136779785157
val_esophagitis_ (36).jpg,3_esophagitis\val_esophagitis_ (36).jpg,3_esophagitis,1280,1024,3,183.6114402770996,106.84189910888672,98.97081298828125
val_esophagitis_ (37).jpg,3_esophagitis\val_esophagitis_ (37).jpg,3_esophagitis,1920,1072,3,120.52677967583955,76.73154588386194,70.69855070351367
val_esophagitis_ (38).jpg,3_esophagitis\val_esophagitis_ (38).jpg,3_esophagitis,1280,1024,3,159.41166915893555,115.9660858154297,118.9613052368164
val_esophagitis_ (39).jpg,3_esophagitis\val_esophagitis_ (39).jpg,3_esophagitis,1280,1024,3,152.0219856262207,107.6773780822754,123.12847137451172
val_esophagitis_ (4).jpg,3_esophagitis\val_esophagitis_ (4).jpg,3_esophagitis,1280,1024,3,180.59076232910155,135.8159278869629,133.53425216674805
val_esophagitis_ (40).jpg,3_esophagitis\val_esophagitis_ (40).jpg,3_esophagitis,1280,1024,3,176.93368072509764,138.41367874145507,133.1263313293457
val_esophagitis_ (41).jpg,3_esophagitis\val_esophagitis_ (41).jpg,3_esophagitis,1280,1024,3,168.21085433959962,140.4174545288086,144.38312530517578
val_esophagitis_ (42).jpg,3_esophagitis\val_esophagitis_ (42).jpg,3_esophagitis,1920,1072,3,107.57564229633084,69.65189336520523,82.20510776197139
val_esophagitis_ (43).jpg,3_esophagitis\val_esophagitis_ (43).jpg,3_esophagitis,1280,1024,3,177.69956665039064,133.18631820678712,133.20695877075195
val_esophagitis_ (44).jpg,3_esophagitis\val_esophagitis_ (44).jpg,3_esophagitis,720,576,3,133.71990499614196,97.28685136959876,96.11199604552469
val_esophagitis_ (45).jpg,3_esophagitis\val_esophagitis_ (45).jpg,3_esophagitis,1280,1024,3,149.10333938598632,108.99577484130859,116.84305877685547
val_esophagitis_ (46).jpg,3_esophagitis\val_esophagitis_ (46).jpg,3_esophagitis,1280,1024,3,173.18196182250978,119.14812850952148,118.05164794921875
val_esophagitis_ (47).jpg,3_esophagitis\val_esophagitis_ (47).jpg,3_esophagitis,1280,1024,3,166.64143142700195,129.46637191772462,134.16636657714844
val_esophagitis_ (48).jpg,3_esophagitis\val_esophagitis_ (48).jpg,3_esophagitis,720,576,3,135.8952449845679,100.11519338348765,98.3915557484568
val_esophagitis_ (49).jpg,3_esophagitis\val_esophagitis_ (49).jpg,3_esophagitis,1280,1024,3,143.65325088500975,107.16581192016602,108.25379333496093
val_esophagitis_ (5).jpg,3_esophagitis\val_esophagitis_ (5).jpg,3_esophagitis,1280,1024,3,117.17535629272462,83.73229751586913,88.30045852661132
val_esophagitis_ (50).jpg,3_esophagitis\val_esophagitis_ (50).jpg,3_esophagitis,1280,1024,3,169.41627044677733,108.78723068237305,112.40909347534179
val_esophagitis_ (51).jpg,3_esophagitis\val_esophagitis_ (51).jpg,3_esophagitis,1280,1024,3,145.48822555541992,105.05110931396484,114.32580871582032
val_esophagitis_ (52).jpg,3_esophagitis\val_esophagitis_ (52).jpg,3_esophagitis,1280,1024,3,168.16556701660156,121.55157318115235,132.391015625
val_esophagitis_ (53).jpg,3_esophagitis\val_esophagitis_ (53).jpg,3_esophagitis,1280,1024,3,143.35796127319335,93.48397674560547,93.40763778686524
val_esophagitis_ (54).jpg,3_esophagitis\val_esophagitis_ (54).jpg,3_esophagitis,1280,1024,3,167.6221481323242,141.1193069458008,133.9355041503906
val_esophagitis_ (55).jpg,3_esophagitis\val_esophagitis_ (55).jpg,3_esophagitis,1920,1072,3,109.52033582089553,69.7270648709577,66.73776673274254
val_esophagitis_ (56).jpg,3_esophagitis\val_esophagitis_ (56).jpg,3_esophagitis,1280,1024,3,136.25253677368164,106.93070831298829,101.2311996459961
val_esophagitis_ (57).jpg,3_esophagitis\val_esophagitis_ (57).jpg,3_esophagitis,1920,1072,3,133.46529510649876,85.9423973880597,80.63503624455846
val_esophagitis_ (58).jpg,3_esophagitis\val_esophagitis_ (58).jpg,3_esophagitis,1280,1024,3,155.40032348632812,114.28929214477539,121.77481689453126
val_esophagitis_ (59).jpg,3_esophagitis\val_esophagitis_ (59).jpg,3_esophagitis,1280,1024,3,158.7561882019043,116.31258087158203,121.8675926208496
val_esophagitis_ (6).jpg,3_esophagitis\val_esophagitis_ (6).jpg,3_esophagitis,1280,1024,3,133.48973693847657,85.06883239746094,82.75168380737304
val_esophagitis_ (60).jpg,3_esophagitis\val_esophagitis_ (60).jpg,3_esophagitis,1280,1024,3,137.04492797851563,102.04303741455078,101.67004013061523
val_esophagitis_ (61).jpg,3_esophagitis\val_esophagitis_ (61).jpg,3_esophagitis,1920,1072,3,118.65925062189055,74.21376078591418,73.64142228311567
val_esophagitis_ (62).jpg,3_esophagitis\val_esophagitis_ (62).jpg,3_esophagitis,1280,1024,3,154.16390151977538,106.7559425354004,115.06524887084962
val_esophagitis_ (63).jpg,3_esophagitis\val_esophagitis_ (63).jpg,3_esophagitis,1280,1024,3,161.81437149047852,122.37246170043946,116.5450454711914
val_esophagitis_ (64).jpg,3_esophagitis\val_esophagitis_ (64).jpg,3_esophagitis,1280,1024,3,178.72779922485353,145.4023551940918,144.23048706054686
val_esophagitis_ (65).jpg,3_esophagitis\val_esophagitis_ (65).jpg,3_esophagitis,1280,1024,3,162.14256439208984,118.14944000244141,112.17891998291016
val_esophagitis_ (66).jpg,3_esophagitis\val_esophagitis_ (66).jpg,3_esophagitis,1280,1024,3,200.67437973022462,141.2433937072754,154.74265823364257
val_esophagitis_ (67).jpg,3_esophagitis\val_esophagitis_ (67).jpg,3_esophagitis,1280,1024,3,165.22996292114257,117.05035934448242,120.5421531677246
val_esophagitis_ (68).jpg,3_esophagitis\val_esophagitis_ (68).jpg,3_esophagitis,1280,1024,3,165.95932006835938,138.1806312561035,136.76403274536133
val_esophagitis_ (69).jpg,3_esophagitis\val_esophagitis_ (69).jpg,3_esophagitis,1280,1024,3,168.58945083618164,129.96453170776368,134.82983932495117
val_esophagitis_ (7).jpg,3_esophagitis\val_esophagitis_ (7).jpg,3_esophagitis,1280,1024,3,158.02295150756837,110.37003326416016,110.21802520751953
val_esophagitis_ (70).jpg,3_esophagitis\val_esophagitis_ (70).jpg,3_esophagitis,1280,1024,3,182.14221954345703,150.6180191040039,156.32029495239257
val_esophagitis_ (71).jpg,3_esophagitis\val_esophagitis_ (71).jpg,3_esophagitis,1280,1024,3,189.7858459472656,116.41950759887695,123.28670272827148
val_esophagitis_ (72).jpg,3_esophagitis\val_esophagitis_ (72).jpg,3_esophagitis,1280,1024,3,163.06594848632812,121.14535446166992,123.86177291870118
val_esophagitis_ (73).jpg,3_esophagitis\val_esophagitis_ (73).jpg,3_esophagitis,1280,1024,3,170.57930603027344,133.3907928466797,135.6011734008789
val_esophagitis_ (74).jpg,3_esophagitis\val_esophagitis_ (74).jpg,3_esophagitis,1280,1024,3,188.2173294067383,140.11873626708984,141.42035446166992
val_esophagitis_ (75).jpg,3_esophagitis\val_esophagitis_ (75).jpg,3_esophagitis,1920,1072,3,118.01102009483832,69.98098763992537,68.44432330534826
val_esophagitis_ (76).jpg,3_esophagitis\val_esophagitis_ (76).jpg,3_esophagitis,1280,1024,3,167.10393524169922,123.51969680786132,127.93624954223633
val_esophagitis_ (77).jpg,3_esophagitis\val_esophagitis_ (77).jpg,3_esophagitis,1280,1024,3,171.46298751831054,129.38930969238282,133.3620246887207
val_esophagitis_ (78).jpg,3_esophagitis\val_esophagitis_ (78).jpg,3_esophagitis,1280,1024,3,178.7818603515625,152.24203796386718,157.487939453125
val_esophagitis_ (79).jpg,3_esophagitis\val_esophagitis_ (79).jpg,3_esophagitis,1280,1024,3,159.92484512329102,106.89951858520507,114.29134674072266
val_esophagitis_ (8).jpg,3_esophagitis\val_esophagitis_ (8).jpg,3_esophagitis,1280,1024,3,167.3524642944336,132.44933471679687,135.2349952697754
val_esophagitis_ (80).jpg,3_esophagitis\val_esophagitis_ (80).jpg,3_esophagitis,1280,1024,3,125.99395141601562,77.79510955810547,75.01975708007812
val_esophagitis_ (81).jpg,3_esophagitis\val_esophagitis_ (81).jpg,3_esophagitis,1920,1072,3,106.96208022388059,72.39339046952736,70.7432277091107
val_esophagitis_ (82).jpg,3_esophagitis\val_esophagitis_ (82).jpg,3_esophagitis,1280,1024,3,162.56500701904298,118.78153610229492,119.50696411132813
val_esophagitis_ (83).jpg,3_esophagitis\val_esophagitis_ (83).jpg,3_esophagitis,1280,1024,3,197.68158874511718,137.10758590698242,139.34242935180663
val_esophagitis_ (84).jpg,3_esophagitis\val_esophagitis_ (84).jpg,3_esophagitis,1280,1024,3,131.55422134399413,107.14586791992187,102.70448989868164
val_esophagitis_ (85).jpg,3_esophagitis\val_esophagitis_ (85).jpg,3_esophagitis,1280,1024,3,162.27899322509765,113.6011360168457,116.51462173461914
val_esophagitis_ (86).jpg,3_esophagitis\val_esophagitis_ (86).jpg,3_esophagitis,1920,1072,3,119.14036847014926,86.11938306514304,83.91376272932214
val_esophagitis_ (87).jpg,3_esophagitis\val_esophagitis_ (87).jpg,3_esophagitis,1280,1024,3,149.17588958740234,115.43566513061523,126.54532470703126
val_esophagitis_ (88).jpg,3_esophagitis\val_esophagitis_ (88).jpg,3_esophagitis,1280,1024,3,173.68040161132814,119.34238967895507,125.83325424194337
val_esophagitis_ (89).jpg,3_esophagitis\val_esophagitis_ (89).jpg,3_esophagitis,720,576,3,133.4335117669753,104.47567274305555,105.43817997685186
val_esophagitis_ (9).jpg,3_esophagitis\val_esophagitis_ (9).jpg,3_esophagitis,1280,1024,3,150.51306915283203,109.41601181030273,109.8739387512207
val_esophagitis_ (90).jpg,3_esophagitis\val_esophagitis_ (90).jpg,3_esophagitis,1280,1024,3,181.496834564209,122.35297546386718,131.12230834960937
val_esophagitis_ (91).jpg,3_esophagitis\val_esophagitis_ (91).jpg,3_esophagitis,1920,1072,3,86.45502565298507,70.79577017257462,68.94131490982588
val_esophagitis_ (92).jpg,3_esophagitis\val_esophagitis_ (92).jpg,3_esophagitis,1280,1024,3,164.0460578918457,126.29215087890626,128.67132873535155
val_esophagitis_ (93).jpg,3_esophagitis\val_esophagitis_ (93).jpg,3_esophagitis,1280,1024,3,168.43153915405273,123.16828689575195,123.90504379272461
val_esophagitis_ (94).jpg,3_esophagitis\val_esophagitis_ (94).jpg,3_esophagitis,1280,1024,3,149.63306274414063,127.72070846557617,123.4268913269043
val_esophagitis_ (95).jpg,3_esophagitis\val_esophagitis_ (95).jpg,3_esophagitis,1280,1024,3,154.71730880737306,115.30843734741211,112.83473739624023
val_esophagitis_ (96).jpg,3_esophagitis\val_esophagitis_ (96).jpg,3_esophagitis,1280,1024,3,121.27185592651367,86.98098297119141,89.18059768676758
val_esophagitis_ (97).jpg,3_esophagitis\val_esophagitis_ (97).jpg,3_esophagitis,1280,1024,3,172.8659637451172,137.51018142700195,137.12532501220704
val_esophagitis_ (98).jpg,3_esophagitis\val_esophagitis_ (98).jpg,3_esophagitis,1920,1072,3,136.06769764458954,84.41872910836443,79.29762564132463
val_esophagitis_ (99).jpg,3_esophagitis\val_esophagitis_ (99).jpg,3_esophagitis,1280,1024,3,160.70155029296876,122.37415390014648,127.44438858032227
